2026-04-23 20:25:48 0 [Note] Starting MariaDB 10.4.32-MariaDB source revision c4143f909528e3fab0677a28631d10389354c491 as process 2584
2026-04-23 20:25:48 0 [Note] InnoDB: Mutexes and rw_locks use Windows interlocked functions
2026-04-23 20:25:48 0 [Note] InnoDB: Uses event mutexes
2026-04-23 20:25:48 0 [Note] InnoDB: Compressed tables use zlib 1.3
2026-04-23 20:25:48 0 [Note] InnoDB: Number of pools: 1
2026-04-23 20:25:48 0 [Note] InnoDB: Using SSE2 crc32 instructions
2026-04-23 20:25:48 0 [Note] InnoDB: Initializing buffer pool, total size = 16M, instances = 1, chunk size = 16M
2026-04-23 20:25:48 0 [Note] InnoDB: Completed initialization of buffer pool
2026-04-23 20:25:48 0 [Note] InnoDB: Starting crash recovery from checkpoint LSN=300288
2026-04-23 20:25:48 0 [Note] InnoDB: 128 out of 128 rollback segments are active.
2026-04-23 20:25:48 0 [Note] InnoDB: Removed temporary tablespace data file: "ibtmp1"
2026-04-23 20:25:48 0 [Note] InnoDB: Creating shared tablespace for temporary tables
2026-04-23 20:25:48 0 [Note] InnoDB: Setting file 'C:\xampp\mysql\data\ibtmp1' size to 12 MB. Physically writing the file full; Please wait ...
2026-04-23 20:25:48 0 [Note] InnoDB: File 'C:\xampp\mysql\data\ibtmp1' size is now 12 MB.
2026-04-23 20:25:48 0 [Note] InnoDB: Waiting for purge to start
2026-04-23 20:25:48 0 [Note] InnoDB: 10.4.32 started; log sequence number 300297; transaction id 170
2026-04-23 20:25:48 0 [Note] InnoDB: Loading buffer pool(s) from C:\xampp\mysql\data\ib_buffer_pool
2026-04-23 20:25:48 0 [Note] Plugin 'FEEDBACK' is disabled.
2026-04-23 20:25:48 0 [Note] InnoDB: Buffer pool(s) load completed at 260423 20:25:48
2026-04-23 20:25:48 0 [Note] Server socket created on IP: '::'.
2026-04-23 20:25:48 0 [ERROR] Can't start server: Bind on TCP/IP port. Got error: 10048: Only one usage of each socket address (protocol/network address/port) is normally permitted.

2026-04-23 20:25:48 0 [ERROR] Do you already have another mysqld server running on port: 3306 ?
2026-04-23 20:25:48 0 [ERROR] Aborting
2026-04-23 20:25:52 0 [Note] Starting MariaDB 10.4.32-MariaDB source revision c4143f909528e3fab0677a28631d10389354c491 as process 10616
2026-04-23 20:25:52 0 [Note] InnoDB: Mutexes and rw_locks use Windows interlocked functions
2026-04-23 20:25:52 0 [Note] InnoDB: Uses event mutexes
2026-04-23 20:25:52 0 [Note] InnoDB: Compressed tables use zlib 1.3
2026-04-23 20:25:52 0 [Note] InnoDB: Number of pools: 1
2026-04-23 20:25:52 0 [Note] InnoDB: Using SSE2 crc32 instructions
2026-04-23 20:25:52 0 [Note] InnoDB: Initializing buffer pool, total size = 16M, instances = 1, chunk size = 16M
2026-04-23 20:25:52 0 [Note] InnoDB: Completed initialization of buffer pool
2026-04-23 20:25:52 0 [Note] InnoDB: 128 out of 128 rollback segments are active.
2026-04-23 20:25:52 0 [Note] InnoDB: Creating shared tablespace for temporary tables
2026-04-23 20:25:52 0 [Note] InnoDB: Setting file 'C:\xampp\mysql\data\ibtmp1' size to 12 MB. Physically writing the file full; Please wait ...
2026-04-23 20:25:52 0 [Note] InnoDB: File 'C:\xampp\mysql\data\ibtmp1' size is now 12 MB.
2026-04-23 20:25:52 0 [Note] InnoDB: Waiting for purge to start
2026-04-23 20:25:52 0 [Note] InnoDB: 10.4.32 started; log sequence number 300306; transaction id 170
2026-04-23 20:25:52 0 [Note] InnoDB: Loading buffer pool(s) from C:\xampp\mysql\data\ib_buffer_pool
2026-04-23 20:25:52 0 [Note] Plugin 'FEEDBACK' is disabled.
2026-04-23 20:25:52 0 [Note] InnoDB: Buffer pool(s) load completed at 260423 20:25:52
2026-04-23 20:25:52 0 [Note] Server socket created on IP: '::'.
2026-04-23 20:25:52 0 [ERROR] Can't start server: Bind on TCP/IP port. Got error: 10048: Only one usage of each socket address (protocol/network address/port) is normally permitted.

2026-04-23 20:25:52 0 [ERROR] Do you already have another mysqld server running on port: 3306 ?
2026-04-23 20:25:52 0 [ERROR] Aborting
2026-04-23 20:25:59 0 [Note] Starting MariaDB 10.4.32-MariaDB source revision c4143f909528e3fab0677a28631d10389354c491 as process 4116
2026-04-23 20:25:59 0 [Note] InnoDB: Mutexes and rw_locks use Windows interlocked functions
2026-04-23 20:25:59 0 [Note] InnoDB: Uses event mutexes
2026-04-23 20:25:59 0 [Note] InnoDB: Compressed tables use zlib 1.3
2026-04-23 20:25:59 0 [Note] InnoDB: Number of pools: 1
2026-04-23 20:25:59 0 [Note] InnoDB: Using SSE2 crc32 instructions
2026-04-23 20:25:59 0 [Note] InnoDB: Initializing buffer pool, total size = 16M, instances = 1, chunk size = 16M
2026-04-23 20:25:59 0 [Note] InnoDB: Completed initialization of buffer pool
2026-04-23 20:25:59 0 [Note] InnoDB: 128 out of 128 rollback segments are active.
2026-04-23 20:25:59 0 [Note] InnoDB: Creating shared tablespace for temporary tables
2026-04-23 20:25:59 0 [Note] InnoDB: Setting file 'C:\xampp\mysql\data\ibtmp1' size to 12 MB. Physically writing the file full; Please wait ...
2026-04-23 20:25:59 0 [Note] InnoDB: File 'C:\xampp\mysql\data\ibtmp1' size is now 12 MB.
2026-04-23 20:25:59 0 [Note] InnoDB: Waiting for purge to start
2026-04-23 20:25:59 0 [Note] InnoDB: 10.4.32 started; log sequence number 300315; transaction id 170
2026-04-23 20:25:59 0 [Note] InnoDB: Loading buffer pool(s) from C:\xampp\mysql\data\ib_buffer_pool
2026-04-23 20:25:59 0 [Note] Plugin 'FEEDBACK' is disabled.
2026-04-23 20:25:59 0 [Note] Server socket created on IP: '::'.
2026-04-23 20:25:59 0 [Note] InnoDB: Buffer pool(s) load completed at 260423 20:25:59
2026-04-23 20:25:59 0 [ERROR] Can't start server: Bind on TCP/IP port. Got error: 10048: Only one usage of each socket address (protocol/network address/port) is normally permitted.

2026-04-23 20:25:59 0 [ERROR] Do you already have another mysqld server running on port: 3306 ?
2026-04-23 20:25:59 0 [ERROR] Aborting
2026-04-23 20:27:06 0 [Note] Starting MariaDB 10.4.32-MariaDB source revision c4143f909528e3fab0677a28631d10389354c491 as process 1796
2026-04-23 20:27:06 0 [Note] InnoDB: Mutexes and rw_locks use Windows interlocked functions
2026-04-23 20:27:06 0 [Note] InnoDB: Uses event mutexes
2026-04-23 20:27:06 0 [Note] InnoDB: Compressed tables use zlib 1.3
2026-04-23 20:27:06 0 [Note] InnoDB: Number of pools: 1
2026-04-23 20:27:06 0 [Note] InnoDB: Using SSE2 crc32 instructions
2026-04-23 20:27:06 0 [Note] InnoDB: Initializing buffer pool, total size = 16M, instances = 1, chunk size = 16M
2026-04-23 20:27:06 0 [Note] InnoDB: Completed initialization of buffer pool
2026-04-23 20:27:06 0 [Note] InnoDB: 128 out of 128 rollback segments are active.
2026-04-23 20:27:06 0 [Note] InnoDB: Creating shared tablespace for temporary tables
2026-04-23 20:27:06 0 [Note] InnoDB: Setting file 'C:\xampp\mysql\data\ibtmp1' size to 12 MB. Physically writing the file full; Please wait ...
2026-04-23 20:27:06 0 [Note] InnoDB: File 'C:\xampp\mysql\data\ibtmp1' size is now 12 MB.
2026-04-23 20:27:06 0 [Note] InnoDB: Waiting for purge to start
2026-04-23 20:27:06 0 [Note] InnoDB: 10.4.32 started; log sequence number 300324; transaction id 170
2026-04-23 20:27:06 0 [Note] InnoDB: Loading buffer pool(s) from C:\xampp\mysql\data\ib_buffer_pool
2026-04-23 20:27:06 0 [Note] Plugin 'FEEDBACK' is disabled.
2026-04-23 20:27:06 0 [Note] Server socket created on IP: '::'.
2026-04-23 20:27:06 0 [Note] InnoDB: Buffer pool(s) load completed at 260423 20:27:06
2026-04-23 21:30:34 0 [Note] Starting MariaDB 10.4.32-MariaDB source revision c4143f909528e3fab0677a28631d10389354c491 as process 2616
2026-04-23 21:30:34 0 [Note] InnoDB: Mutexes and rw_locks use Windows interlocked functions
2026-04-23 21:30:34 0 [Note] InnoDB: Uses event mutexes
2026-04-23 21:30:34 0 [Note] InnoDB: Compressed tables use zlib 1.3
2026-04-23 21:30:34 0 [Note] InnoDB: Number of pools: 1
2026-04-23 21:30:34 0 [Note] InnoDB: Using SSE2 crc32 instructions
2026-04-23 21:30:34 0 [Note] InnoDB: Initializing buffer pool, total size = 16M, instances = 1, chunk size = 16M
2026-04-23 21:30:34 0 [Note] InnoDB: Completed initialization of buffer pool
2026-04-23 21:30:34 0 [Note] InnoDB: Starting crash recovery from checkpoint LSN=300324
2026-04-23 21:30:34 0 [Note] InnoDB: Starting final batch to recover 12 pages from redo log.
2026-04-23 21:30:35 0 [Note] InnoDB: 128 out of 128 rollback segments are active.
2026-04-23 21:30:35 0 [Note] InnoDB: Removed temporary tablespace data file: "ibtmp1"
2026-04-23 21:30:35 0 [Note] InnoDB: Creating shared tablespace for temporary tables
2026-04-23 21:30:35 0 [Note] InnoDB: Setting file 'C:\xampp\mysql\data\ibtmp1' size to 12 MB. Physically writing the file full; Please wait ...
2026-04-23 21:30:35 0 [Note] InnoDB: File 'C:\xampp\mysql\data\ibtmp1' size is now 12 MB.
2026-04-23 21:30:35 0 [Note] InnoDB: Waiting for purge to start
2026-04-23 21:30:35 0 [Note] InnoDB: 10.4.32 started; log sequence number 303350; transaction id 178
2026-04-23 21:30:35 0 [Note] InnoDB: Loading buffer pool(s) from C:\xampp\mysql\data\ib_buffer_pool
2026-04-23 21:30:35 0 [Note] Plugin 'FEEDBACK' is disabled.
2026-04-23 21:30:35 0 [Note] Server socket created on IP: '::'.
2026-04-23 21:33:39 0 [Note] Starting MariaDB 10.4.32-MariaDB source revision c4143f909528e3fab0677a28631d10389354c491 as process 18200
2026-04-23 21:33:39 0 [Note] InnoDB: Mutexes and rw_locks use Windows interlocked functions
2026-04-23 21:33:39 0 [Note] InnoDB: Uses event mutexes
2026-04-23 21:33:39 0 [Note] InnoDB: Compressed tables use zlib 1.3
2026-04-23 21:33:39 0 [Note] InnoDB: Number of pools: 1
2026-04-23 21:33:39 0 [Note] InnoDB: Using SSE2 crc32 instructions
2026-04-23 21:33:39 0 [Note] InnoDB: Initializing buffer pool, total size = 16M, instances = 1, chunk size = 16M
2026-04-23 21:33:39 0 [Note] InnoDB: Completed initialization of buffer pool
2026-04-23 21:33:39 0 [Note] InnoDB: Starting crash recovery from checkpoint LSN=393644
2026-04-23 21:33:39 0 [Note] InnoDB: 128 out of 128 rollback segments are active.
2026-04-23 21:33:39 0 [Note] InnoDB: Removed temporary tablespace data file: "ibtmp1"
2026-04-23 21:33:39 0 [Note] InnoDB: Creating shared tablespace for temporary tables
2026-04-23 21:33:39 0 [Note] InnoDB: Setting file 'C:\xampp\mysql\data\ibtmp1' size to 12 MB. Physically writing the file full; Please wait ...
2026-04-23 21:33:39 0 [Note] InnoDB: File 'C:\xampp\mysql\data\ibtmp1' size is now 12 MB.
2026-04-23 21:33:39 0 [Note] InnoDB: Waiting for purge to start
2026-04-23 21:33:39 0 [Note] InnoDB: 10.4.32 started; log sequence number 393653; transaction id 350
2026-04-23 21:33:39 0 [Note] InnoDB: Loading buffer pool(s) from C:\xampp\mysql\data\ib_buffer_pool
2026-04-23 21:33:39 0 [Note] Plugin 'FEEDBACK' is disabled.
2026-04-23 21:33:39 0 [Note] Server socket created on IP: '::'.
2026-06-06 11:04:28 0 [Note] Starting MariaDB 10.4.32-MariaDB source revision c4143f909528e3fab0677a28631d10389354c491 as process 26252
2026-06-06 11:04:28 0 [Note] InnoDB: Mutexes and rw_locks use Windows interlocked functions
2026-06-06 11:04:28 0 [Note] InnoDB: Uses event mutexes
2026-06-06 11:04:28 0 [Note] InnoDB: Compressed tables use zlib 1.3
2026-06-06 11:04:28 0 [Note] InnoDB: Number of pools: 1
2026-06-06 11:04:28 0 [Note] InnoDB: Using SSE2 crc32 instructions
2026-06-06 11:04:28 0 [Note] InnoDB: Initializing buffer pool, total size = 16M, instances = 1, chunk size = 16M
2026-06-06 11:04:28 0 [Note] InnoDB: Completed initialization of buffer pool
2026-06-06 11:04:28 0 [Note] InnoDB: Starting crash recovery from checkpoint LSN=393662
2026-06-06 11:04:28 0 [Note] InnoDB: 128 out of 128 rollback segments are active.
2026-06-06 11:04:28 0 [Note] InnoDB: Removed temporary tablespace data file: "ibtmp1"
2026-06-06 11:04:28 0 [Note] InnoDB: Creating shared tablespace for temporary tables
2026-06-06 11:04:28 0 [Note] InnoDB: Setting file 'C:\xampp\mysql\data\ibtmp1' size to 12 MB. Physically writing the file full; Please wait ...
2026-06-06 11:04:28 0 [Note] InnoDB: File 'C:\xampp\mysql\data\ibtmp1' size is now 12 MB.
2026-06-06 11:04:28 0 [Note] InnoDB: Waiting for purge to start
2026-06-06 11:04:28 0 [Note] InnoDB: 10.4.32 started; log sequence number 393671; transaction id 350
2026-06-06 11:04:28 0 [Note] Plugin 'FEEDBACK' is disabled.
2026-06-06 11:04:28 0 [Note] InnoDB: Loading buffer pool(s) from C:\xampp\mysql\data\ib_buffer_pool
2026-06-06 11:04:28 0 [Note] InnoDB: Buffer pool(s) load completed at 260606 11:04:28
2026-06-06 11:04:28 0 [Note] Server socket created on IP: '::'.
2026-06-06 13:30:18 0 [Note] Starting MariaDB 10.4.32-MariaDB source revision c4143f909528e3fab0677a28631d10389354c491 as process 21720
2026-06-06 13:30:18 0 [Note] InnoDB: Mutexes and rw_locks use Windows interlocked functions
2026-06-06 13:30:18 0 [Note] InnoDB: Uses event mutexes
2026-06-06 13:30:18 0 [Note] InnoDB: Compressed tables use zlib 1.3
2026-06-06 13:30:18 0 [Note] InnoDB: Number of pools: 1
2026-06-06 13:30:18 0 [Note] InnoDB: Using SSE2 crc32 instructions
2026-06-06 13:30:18 0 [Note] InnoDB: Initializing buffer pool, total size = 16M, instances = 1, chunk size = 16M
2026-06-06 13:30:18 0 [Note] InnoDB: Completed initialization of buffer pool
2026-06-06 13:30:18 0 [Note] InnoDB: Starting crash recovery from checkpoint LSN=393680
2026-06-06 13:30:19 0 [Note] InnoDB: 128 out of 128 rollback segments are active.
2026-06-06 13:30:19 0 [Note] InnoDB: Removed temporary tablespace data file: "ibtmp1"
2026-06-06 13:30:19 0 [Note] InnoDB: Creating shared tablespace for temporary tables
2026-06-06 13:30:19 0 [Note] InnoDB: Setting file 'C:\xampp\mysql\data\ibtmp1' size to 12 MB. Physically writing the file full; Please wait ...
2026-06-06 13:30:19 0 [Note] InnoDB: File 'C:\xampp\mysql\data\ibtmp1' size is now 12 MB.
2026-06-06 13:30:19 0 [Note] InnoDB: Waiting for purge to start
2026-06-06 13:30:19 0 [Note] InnoDB: 10.4.32 started; log sequence number 393689; transaction id 350
2026-06-06 13:30:19 0 [Note] InnoDB: Loading buffer pool(s) from C:\xampp\mysql\data\ib_buffer_pool
2026-06-06 13:30:19 0 [Note] Plugin 'FEEDBACK' is disabled.
2026-06-06 13:30:19 0 [Note] InnoDB: Buffer pool(s) load completed at 260606 13:30:19
2026-06-06 13:30:19 0 [Note] Server socket created on IP: '::'.
2026-06-06 19:46:50 0 [Note] Starting MariaDB 10.4.32-MariaDB source revision c4143f909528e3fab0677a28631d10389354c491 as process 22168
2026-06-06 19:46:50 0 [Note] InnoDB: Mutexes and rw_locks use Windows interlocked functions
2026-06-06 19:46:50 0 [Note] InnoDB: Uses event mutexes
2026-06-06 19:46:50 0 [Note] InnoDB: Compressed tables use zlib 1.3
2026-06-06 19:46:50 0 [Note] InnoDB: Number of pools: 1
2026-06-06 19:46:50 0 [Note] InnoDB: Using SSE2 crc32 instructions
2026-06-06 19:46:50 0 [Note] InnoDB: Initializing buffer pool, total size = 16M, instances = 1, chunk size = 16M
2026-06-06 19:46:50 0 [Note] InnoDB: Completed initialization of buffer pool
2026-06-06 19:46:50 0 [Note] InnoDB: Starting crash recovery from checkpoint LSN=393698
2026-06-06 19:46:50 0 [Note] InnoDB: 128 out of 128 rollback segments are active.
2026-06-06 19:46:50 0 [Note] InnoDB: Removed temporary tablespace data file: "ibtmp1"
2026-06-06 19:46:50 0 [Note] InnoDB: Creating shared tablespace for temporary tables
2026-06-06 19:46:50 0 [Note] InnoDB: Setting file 'C:\xampp\mysql\data\ibtmp1' size to 12 MB. Physically writing the file full; Please wait ...
2026-06-06 19:46:50 0 [Note] InnoDB: File 'C:\xampp\mysql\data\ibtmp1' size is now 12 MB.
2026-06-06 19:46:50 0 [Note] InnoDB: Waiting for purge to start
2026-06-06 19:46:50 0 [Note] InnoDB: 10.4.32 started; log sequence number 393707; transaction id 350
2026-06-06 19:46:50 0 [Note] InnoDB: Loading buffer pool(s) from C:\xampp\mysql\data\ib_buffer_pool
2026-06-06 19:46:50 0 [Note] Plugin 'FEEDBACK' is disabled.
2026-06-06 19:46:50 0 [Note] InnoDB: Buffer pool(s) load completed at 260606 19:46:50
2026-06-06 19:46:50 0 [Note] Server socket created on IP: '::'.
2026-06-10 18:33:53 0 [Note] Starting MariaDB 10.4.32-MariaDB source revision c4143f909528e3fab0677a28631d10389354c491 as process 10436
2026-06-10 18:33:53 0 [Note] InnoDB: Mutexes and rw_locks use Windows interlocked functions
2026-06-10 18:33:53 0 [Note] InnoDB: Uses event mutexes
2026-06-10 18:33:53 0 [Note] InnoDB: Compressed tables use zlib 1.3
2026-06-10 18:33:53 0 [Note] InnoDB: Number of pools: 1
2026-06-10 18:33:53 0 [Note] InnoDB: Using SSE2 crc32 instructions
2026-06-10 18:33:53 0 [Note] InnoDB: Initializing buffer pool, total size = 16M, instances = 1, chunk size = 16M
2026-06-10 18:33:54 0 [Note] InnoDB: Completed initialization of buffer pool
2026-06-10 18:33:54 0 [Note] InnoDB: Starting crash recovery from checkpoint LSN=2216437
2026-06-10 18:33:54 0 [Note] InnoDB: 128 out of 128 rollback segments are active.
2026-06-10 18:33:54 0 [Note] InnoDB: Removed temporary tablespace data file: "ibtmp1"
2026-06-10 18:33:54 0 [Note] InnoDB: Creating shared tablespace for temporary tables
2026-06-10 18:33:54 0 [Note] InnoDB: Setting file 'C:\xampp\mysql\data\ibtmp1' size to 12 MB. Physically writing the file full; Please wait ...
2026-06-10 18:33:54 0 [Note] InnoDB: File 'C:\xampp\mysql\data\ibtmp1' size is now 12 MB.
2026-06-10 18:33:54 0 [Note] InnoDB: Waiting for purge to start
2026-06-10 18:33:54 0 [Note] InnoDB: 10.4.32 started; log sequence number 2216462; transaction id 3260
2026-06-10 18:33:54 0 [Note] InnoDB: Loading buffer pool(s) from C:\xampp\mysql\data\ib_buffer_pool
2026-06-10 18:33:54 0 [Note] Plugin 'FEEDBACK' is disabled.
2026-06-10 18:33:54 0 [Note] InnoDB: Buffer pool(s) load completed at 260610 18:33:54
2026-06-10 18:33:54 0 [Note] Server socket created on IP: '::'.
2026-06-11 10:45:15 0 [Note] Starting MariaDB 10.4.32-MariaDB source revision c4143f909528e3fab0677a28631d10389354c491 as process 21972
2026-06-11 10:45:15 0 [Note] InnoDB: Mutexes and rw_locks use Windows interlocked functions
2026-06-11 10:45:15 0 [Note] InnoDB: Uses event mutexes
2026-06-11 10:45:15 0 [Note] InnoDB: Compressed tables use zlib 1.3
2026-06-11 10:45:15 0 [Note] InnoDB: Number of pools: 1
2026-06-11 10:45:15 0 [Note] InnoDB: Using SSE2 crc32 instructions
2026-06-11 10:45:15 0 [Note] InnoDB: Initializing buffer pool, total size = 16M, instances = 1, chunk size = 16M
2026-06-11 10:45:15 0 [Note] InnoDB: Completed initialization of buffer pool
2026-06-11 10:45:15 0 [Note] InnoDB: Starting crash recovery from checkpoint LSN=5536220
2026-06-11 10:45:15 0 [Note] InnoDB: 128 out of 128 rollback segments are active.
2026-06-11 10:45:15 0 [Note] InnoDB: Removed temporary tablespace data file: "ibtmp1"
2026-06-11 10:45:15 0 [Note] InnoDB: Creating shared tablespace for temporary tables
2026-06-11 10:45:15 0 [Note] InnoDB: Setting file 'C:\xampp\mysql\data\ibtmp1' size to 12 MB. Physically writing the file full; Please wait ...
2026-06-11 10:45:15 0 [Note] InnoDB: File 'C:\xampp\mysql\data\ibtmp1' size is now 12 MB.
2026-06-11 10:45:15 0 [Note] InnoDB: Waiting for purge to start
2026-06-11 10:45:16 0 [Note] InnoDB: 10.4.32 started; log sequence number 5536229; transaction id 7757
2026-06-11 10:45:16 0 [Note] InnoDB: Loading buffer pool(s) from C:\xampp\mysql\data\ib_buffer_pool
2026-06-11 10:45:16 0 [Note] Plugin 'FEEDBACK' is disabled.
2026-06-11 10:45:16 0 [Note] InnoDB: Buffer pool(s) load completed at 260611 10:45:16
2026-06-11 10:45:16 0 [Note] Server socket created on IP: '::'.
2026-06-11 10:45:18 0 [Note] Starting MariaDB 10.4.32-MariaDB source revision c4143f909528e3fab0677a28631d10389354c491 as process 19368
2026-06-11 10:45:18 0 [Note] InnoDB: Mutexes and rw_locks use Windows interlocked functions
2026-06-11 10:45:18 0 [Note] InnoDB: Uses event mutexes
2026-06-11 10:45:18 0 [Note] InnoDB: Compressed tables use zlib 1.3
2026-06-11 10:45:18 0 [Note] InnoDB: Number of pools: 1
2026-06-11 10:45:18 0 [Note] InnoDB: Using SSE2 crc32 instructions
2026-06-11 10:45:18 0 [Note] InnoDB: Initializing buffer pool, total size = 16M, instances = 1, chunk size = 16M
2026-06-11 10:45:18 0 [Note] InnoDB: Completed initialization of buffer pool
2026-06-11 10:45:18 0 [Note] InnoDB: Starting crash recovery from checkpoint LSN=5536220
2026-06-11 10:45:18 0 [Note] InnoDB: 128 out of 128 rollback segments are active.
2026-06-11 10:45:18 0 [Note] InnoDB: Removed temporary tablespace data file: "ibtmp1"
2026-06-11 10:45:18 0 [Note] InnoDB: Creating shared tablespace for temporary tables
2026-06-11 10:45:18 0 [Note] InnoDB: Setting file 'C:\xampp\mysql\data\ibtmp1' size to 12 MB. Physically writing the file full; Please wait ...
2026-06-11 10:45:18 0 [Note] InnoDB: File 'C:\xampp\mysql\data\ibtmp1' size is now 12 MB.
2026-06-11 10:45:18 0 [Note] InnoDB: Waiting for purge to start
2026-06-11 10:45:18 0 [Note] InnoDB: 10.4.32 started; log sequence number 5536229; transaction id 7757
2026-06-11 10:45:18 0 [Note] InnoDB: Loading buffer pool(s) from C:\xampp\mysql\data\ib_buffer_pool
2026-06-11 10:45:18 0 [Note] Plugin 'FEEDBACK' is disabled.
2026-06-11 10:45:18 0 [Note] InnoDB: Buffer pool(s) load completed at 260611 10:45:18
2026-06-11 10:45:18 0 [Note] Server socket created on IP: '::'.
2026-06-11 10:45:20 0 [Note] Starting MariaDB 10.4.32-MariaDB source revision c4143f909528e3fab0677a28631d10389354c491 as process 22124
2026-06-11 10:45:20 0 [Note] InnoDB: Mutexes and rw_locks use Windows interlocked functions
2026-06-11 10:45:20 0 [Note] InnoDB: Uses event mutexes
2026-06-11 10:45:20 0 [Note] InnoDB: Compressed tables use zlib 1.3
2026-06-11 10:45:20 0 [Note] InnoDB: Number of pools: 1
2026-06-11 10:45:20 0 [Note] InnoDB: Using SSE2 crc32 instructions
2026-06-11 10:45:20 0 [Note] InnoDB: Initializing buffer pool, total size = 16M, instances = 1, chunk size = 16M
2026-06-11 10:45:20 0 [Note] InnoDB: Completed initialization of buffer pool
2026-06-11 10:45:20 0 [Note] InnoDB: Starting crash recovery from checkpoint LSN=5536220
2026-06-11 10:45:20 0 [Note] InnoDB: 128 out of 128 rollback segments are active.
2026-06-11 10:45:20 0 [Note] InnoDB: Removed temporary tablespace data file: "ibtmp1"
2026-06-11 10:45:20 0 [Note] InnoDB: Creating shared tablespace for temporary tables
2026-06-11 10:45:20 0 [Note] InnoDB: Setting file 'C:\xampp\mysql\data\ibtmp1' size to 12 MB. Physically writing the file full; Please wait ...
2026-06-11 10:45:20 0 [Note] InnoDB: File 'C:\xampp\mysql\data\ibtmp1' size is now 12 MB.
2026-06-11 10:45:20 0 [Note] InnoDB: Waiting for purge to start
2026-06-11 10:45:20 0 [Note] InnoDB: 10.4.32 started; log sequence number 5536229; transaction id 7757
2026-06-11 10:45:20 0 [Note] InnoDB: Loading buffer pool(s) from C:\xampp\mysql\data\ib_buffer_pool
2026-06-11 10:45:20 0 [Note] Plugin 'FEEDBACK' is disabled.
2026-06-11 10:45:20 0 [Note] InnoDB: Buffer pool(s) load completed at 260611 10:45:20
2026-06-11 10:45:20 0 [Note] Server socket created on IP: '::'.
2026-06-11 19:58:47 0 [Note] Starting MariaDB 10.4.32-MariaDB source revision c4143f909528e3fab0677a28631d10389354c491 as process 880
2026-06-11 19:58:47 0 [Note] InnoDB: Mutexes and rw_locks use Windows interlocked functions
2026-06-11 19:58:47 0 [Note] InnoDB: Uses event mutexes
2026-06-11 19:58:47 0 [Note] InnoDB: Compressed tables use zlib 1.3
2026-06-11 19:58:47 0 [Note] InnoDB: Number of pools: 1
2026-06-11 19:58:47 0 [Note] InnoDB: Using SSE2 crc32 instructions
2026-06-11 19:58:47 0 [Note] InnoDB: Initializing buffer pool, total size = 16M, instances = 1, chunk size = 16M
2026-06-11 19:58:47 0 [Note] InnoDB: Completed initialization of buffer pool
2026-06-11 19:58:47 0 [Note] InnoDB: Starting crash recovery from checkpoint LSN=5562023
2026-06-11 19:58:47 0 [Note] InnoDB: 128 out of 128 rollback segments are active.
2026-06-11 19:58:47 0 [Note] InnoDB: Removed temporary tablespace data file: "ibtmp1"
2026-06-11 19:58:47 0 [Note] InnoDB: Creating shared tablespace for temporary tables
2026-06-11 19:58:47 0 [Note] InnoDB: Setting file 'C:\xampp\mysql\data\ibtmp1' size to 12 MB. Physically writing the file full; Please wait ...
2026-06-11 19:58:47 0 [Note] InnoDB: File 'C:\xampp\mysql\data\ibtmp1' size is now 12 MB.
2026-06-11 19:58:47 0 [Note] InnoDB: Waiting for purge to start
2026-06-11 19:58:47 0 [Note] InnoDB: 10.4.32 started; log sequence number 5562032; transaction id 7821
2026-06-11 19:58:47 0 [Note] InnoDB: Loading buffer pool(s) from C:\xampp\mysql\data\ib_buffer_pool
2026-06-11 19:58:47 0 [Note] Plugin 'FEEDBACK' is disabled.
2026-06-11 19:58:47 0 [Note] InnoDB: Buffer pool(s) load completed at 260611 19:58:47
2026-06-11 19:58:47 0 [Note] Server socket created on IP: '::'.
2026-06-12  6:55:53 0 [Note] Starting MariaDB 10.4.32-MariaDB source revision c4143f909528e3fab0677a28631d10389354c491 as process 16164
2026-06-12  6:55:53 0 [Note] InnoDB: Mutexes and rw_locks use Windows interlocked functions
2026-06-12  6:55:53 0 [Note] InnoDB: Uses event mutexes
2026-06-12  6:55:53 0 [Note] InnoDB: Compressed tables use zlib 1.3
2026-06-12  6:55:53 0 [Note] InnoDB: Number of pools: 1
2026-06-12  6:55:53 0 [Note] InnoDB: Using SSE2 crc32 instructions
2026-06-12  6:55:53 0 [Note] InnoDB: Initializing buffer pool, total size = 16M, instances = 1, chunk size = 16M
2026-06-12  6:55:53 0 [Note] InnoDB: Completed initialization of buffer pool
2026-06-12  6:55:53 0 [Note] InnoDB: Starting crash recovery from checkpoint LSN=6342450
2026-06-12  6:55:54 0 [Note] InnoDB: 128 out of 128 rollback segments are active.
2026-06-12  6:55:54 0 [Note] InnoDB: Removed temporary tablespace data file: "ibtmp1"
2026-06-12  6:55:54 0 [Note] InnoDB: Creating shared tablespace for temporary tables
2026-06-12  6:55:54 0 [Note] InnoDB: Setting file 'C:\xampp\mysql\data\ibtmp1' size to 12 MB. Physically writing the file full; Please wait ...
2026-06-12  6:55:54 0 [Note] InnoDB: File 'C:\xampp\mysql\data\ibtmp1' size is now 12 MB.
2026-06-12  6:55:54 0 [Note] InnoDB: Waiting for purge to start
2026-06-12  6:55:54 0 [Note] InnoDB: 10.4.32 started; log sequence number 6342459; transaction id 9039
2026-06-12  6:55:54 0 [Note] InnoDB: Loading buffer pool(s) from C:\xampp\mysql\data\ib_buffer_pool
2026-06-12  6:55:54 0 [Note] Plugin 'FEEDBACK' is disabled.
2026-06-12  6:55:54 0 [Note] Server socket created on IP: '::'.
2026-06-13  9:22:34 0 [Note] Starting MariaDB 10.4.32-MariaDB source revision c4143f909528e3fab0677a28631d10389354c491 as process 10908
2026-06-13  9:22:34 0 [Note] InnoDB: Mutexes and rw_locks use Windows interlocked functions
2026-06-13  9:22:34 0 [Note] InnoDB: Uses event mutexes
2026-06-13  9:22:34 0 [Note] InnoDB: Compressed tables use zlib 1.3
2026-06-13  9:22:34 0 [Note] InnoDB: Number of pools: 1
2026-06-13  9:22:34 0 [Note] InnoDB: Using SSE2 crc32 instructions
2026-06-13  9:22:34 0 [Note] InnoDB: Initializing buffer pool, total size = 16M, instances = 1, chunk size = 16M
2026-06-13  9:22:34 0 [Note] InnoDB: Completed initialization of buffer pool
2026-06-13  9:22:34 0 [Note] InnoDB: Starting crash recovery from checkpoint LSN=6345711
2026-06-13  9:22:35 0 [Note] InnoDB: 128 out of 128 rollback segments are active.
2026-06-13  9:22:35 0 [Note] InnoDB: Removed temporary tablespace data file: "ibtmp1"
2026-06-13  9:22:35 0 [Note] InnoDB: Creating shared tablespace for temporary tables
2026-06-13  9:22:35 0 [Note] InnoDB: Setting file 'C:\xampp\mysql\data\ibtmp1' size to 12 MB. Physically writing the file full; Please wait ...
2026-06-13  9:22:35 0 [Note] InnoDB: File 'C:\xampp\mysql\data\ibtmp1' size is now 12 MB.
2026-06-13  9:22:35 0 [Note] InnoDB: Waiting for purge to start
2026-06-13  9:22:35 0 [Note] InnoDB: 10.4.32 started; log sequence number 6345720; transaction id 9084
2026-06-13  9:22:35 0 [Note] InnoDB: Loading buffer pool(s) from C:\xampp\mysql\data\ib_buffer_pool
2026-06-13  9:22:35 0 [Note] Plugin 'FEEDBACK' is disabled.
2026-06-13  9:22:35 0 [Note] InnoDB: Buffer pool(s) load completed at 260613  9:22:35
2026-06-13  9:22:35 0 [Note] Server socket created on IP: '::'.
2026-06-22 20:08:37 0 [Note] Starting MariaDB 10.4.32-MariaDB source revision c4143f909528e3fab0677a28631d10389354c491 as process 3328
2026-06-22 20:08:37 0 [Note] InnoDB: Mutexes and rw_locks use Windows interlocked functions
2026-06-22 20:08:37 0 [Note] InnoDB: Uses event mutexes
2026-06-22 20:08:37 0 [Note] InnoDB: Compressed tables use zlib 1.3
2026-06-22 20:08:37 0 [Note] InnoDB: Number of pools: 1
2026-06-22 20:08:37 0 [Note] InnoDB: Using SSE2 crc32 instructions
2026-06-22 20:08:37 0 [Note] InnoDB: Initializing buffer pool, total size = 16M, instances = 1, chunk size = 16M
2026-06-22 20:08:37 0 [Note] InnoDB: Completed initialization of buffer pool
2026-06-22 20:08:37 0 [Note] InnoDB: Starting crash recovery from checkpoint LSN=6346646
2026-06-22 20:08:38 0 [Note] InnoDB: 128 out of 128 rollback segments are active.
2026-06-22 20:08:38 0 [Note] InnoDB: Removed temporary tablespace data file: "ibtmp1"
2026-06-22 20:08:38 0 [Note] InnoDB: Creating shared tablespace for temporary tables
2026-06-22 20:08:38 0 [Note] InnoDB: Setting file 'C:\xampp\mysql\data\ibtmp1' size to 12 MB. Physically writing the file full; Please wait ...
2026-06-22 20:08:38 0 [Note] InnoDB: File 'C:\xampp\mysql\data\ibtmp1' size is now 12 MB.
2026-06-22 20:08:38 0 [Note] InnoDB: Waiting for purge to start
2026-06-22 20:08:38 0 [Note] InnoDB: 10.4.32 started; log sequence number 6346655; transaction id 9125
2026-06-22 20:08:38 0 [Note] InnoDB: Loading buffer pool(s) from C:\xampp\mysql\data\ib_buffer_pool
2026-06-22 20:08:38 0 [Note] Plugin 'FEEDBACK' is disabled.
2026-06-22 20:08:38 0 [Note] InnoDB: Buffer pool(s) load completed at 260622 20:08:38
2026-06-22 20:08:38 0 [Note] Server socket created on IP: '::'.
2026-06-25 10:34:58 0 [Note] Starting MariaDB 10.4.32-MariaDB source revision c4143f909528e3fab0677a28631d10389354c491 as process 22504
2026-06-25 10:34:58 0 [Note] InnoDB: Mutexes and rw_locks use Windows interlocked functions
2026-06-25 10:34:58 0 [Note] InnoDB: Uses event mutexes
2026-06-25 10:34:58 0 [Note] InnoDB: Compressed tables use zlib 1.3
2026-06-25 10:34:58 0 [Note] InnoDB: Number of pools: 1
2026-06-25 10:34:58 0 [Note] InnoDB: Using SSE2 crc32 instructions
2026-06-25 10:34:58 0 [Note] InnoDB: Initializing buffer pool, total size = 16M, instances = 1, chunk size = 16M
2026-06-25 10:34:58 0 [Note] InnoDB: Completed initialization of buffer pool
2026-06-25 10:34:58 0 [Note] InnoDB: Starting crash recovery from checkpoint LSN=6346664
2026-06-25 10:34:59 0 [Note] InnoDB: 128 out of 128 rollback segments are active.
2026-06-25 10:34:59 0 [Note] InnoDB: Removed temporary tablespace data file: "ibtmp1"
2026-06-25 10:34:59 0 [Note] InnoDB: Creating shared tablespace for temporary tables
2026-06-25 10:34:59 0 [Note] InnoDB: Setting file 'C:\xampp\mysql\data\ibtmp1' size to 12 MB. Physically writing the file full; Please wait ...
2026-06-25 10:34:59 0 [Note] InnoDB: File 'C:\xampp\mysql\data\ibtmp1' size is now 12 MB.
2026-06-25 10:34:59 0 [Note] InnoDB: Waiting for purge to start
2026-06-25 10:34:59 0 [Note] InnoDB: 10.4.32 started; log sequence number 6346673; transaction id 9125
2026-06-25 10:34:59 0 [Note] InnoDB: Loading buffer pool(s) from C:\xampp\mysql\data\ib_buffer_pool
2026-06-25 10:34:59 0 [Note] Plugin 'FEEDBACK' is disabled.
2026-06-25 10:34:59 0 [Note] InnoDB: Buffer pool(s) load completed at 260625 10:34:59
2026-06-25 10:34:59 0 [Note] Server socket created on IP: '::'.
2026-06-26 11:29:27 0 [Note] Starting MariaDB 10.4.32-MariaDB source revision c4143f909528e3fab0677a28631d10389354c491 as process 8520
2026-06-26 11:29:27 0 [Note] InnoDB: Mutexes and rw_locks use Windows interlocked functions
2026-06-26 11:29:27 0 [Note] InnoDB: Uses event mutexes
2026-06-26 11:29:27 0 [Note] InnoDB: Compressed tables use zlib 1.3
2026-06-26 11:29:27 0 [Note] InnoDB: Number of pools: 1
2026-06-26 11:29:27 0 [Note] InnoDB: Using SSE2 crc32 instructions
2026-06-26 11:29:27 0 [Note] InnoDB: Initializing buffer pool, total size = 16M, instances = 1, chunk size = 16M
2026-06-26 11:29:27 0 [Note] InnoDB: Completed initialization of buffer pool
2026-06-26 11:29:27 0 [Note] InnoDB: Starting crash recovery from checkpoint LSN=6346682
2026-06-26 11:29:28 0 [Note] InnoDB: 128 out of 128 rollback segments are active.
2026-06-26 11:29:28 0 [Note] InnoDB: Removed temporary tablespace data file: "ibtmp1"
2026-06-26 11:29:28 0 [Note] InnoDB: Creating shared tablespace for temporary tables
2026-06-26 11:29:28 0 [Note] InnoDB: Setting file 'C:\xampp\mysql\data\ibtmp1' size to 12 MB. Physically writing the file full; Please wait ...
2026-06-26 11:29:28 0 [Note] InnoDB: File 'C:\xampp\mysql\data\ibtmp1' size is now 12 MB.
2026-06-26 11:29:28 0 [Note] InnoDB: Waiting for purge to start
2026-06-26 11:29:28 0 [Note] InnoDB: 10.4.32 started; log sequence number 6346691; transaction id 9125
2026-06-26 11:29:28 0 [Note] InnoDB: Loading buffer pool(s) from C:\xampp\mysql\data\ib_buffer_pool
2026-06-26 11:29:28 0 [Note] Plugin 'FEEDBACK' is disabled.
2026-06-26 11:29:28 0 [Note] InnoDB: Buffer pool(s) load completed at 260626 11:29:28
2026-06-26 11:29:28 0 [Note] Server socket created on IP: '::'.
2026-06-30 10:56:19 0 [Note] Starting MariaDB 10.4.32-MariaDB source revision c4143f909528e3fab0677a28631d10389354c491 as process 23940
2026-06-30 10:56:19 0 [Note] InnoDB: Mutexes and rw_locks use Windows interlocked functions
2026-06-30 10:56:19 0 [Note] InnoDB: Uses event mutexes
2026-06-30 10:56:19 0 [Note] InnoDB: Compressed tables use zlib 1.3
2026-06-30 10:56:19 0 [Note] InnoDB: Number of pools: 1
2026-06-30 10:56:19 0 [Note] InnoDB: Using SSE2 crc32 instructions
2026-06-30 10:56:19 0 [Note] InnoDB: Initializing buffer pool, total size = 16M, instances = 1, chunk size = 16M
2026-06-30 10:56:19 0 [Note] InnoDB: Completed initialization of buffer pool
2026-06-30 10:56:19 0 [Note] InnoDB: Starting crash recovery from checkpoint LSN=7899730
2026-06-30 10:56:19 0 [Note] InnoDB: 128 out of 128 rollback segments are active.
2026-06-30 10:56:19 0 [Note] InnoDB: Removed temporary tablespace data file: "ibtmp1"
2026-06-30 10:56:19 0 [Note] InnoDB: Creating shared tablespace for temporary tables
2026-06-30 10:56:19 0 [Note] InnoDB: Setting file 'C:\xampp\mysql\data\ibtmp1' size to 12 MB. Physically writing the file full; Please wait ...
2026-06-30 10:56:19 0 [Note] InnoDB: File 'C:\xampp\mysql\data\ibtmp1' size is now 12 MB.
2026-06-30 10:56:19 0 [Note] InnoDB: Waiting for purge to start
2026-06-30 10:56:19 0 [Note] InnoDB: 10.4.32 started; log sequence number 7899739; transaction id 11144
2026-06-30 10:56:19 0 [Note] InnoDB: Loading buffer pool(s) from C:\xampp\mysql\data\ib_buffer_pool
2026-06-30 10:56:19 0 [Note] Plugin 'FEEDBACK' is disabled.
2026-06-30 10:56:20 0 [Note] InnoDB: Buffer pool(s) load completed at 260630 10:56:20
2026-06-30 10:56:20 0 [Note] Server socket created on IP: '::'.
2026-07-01  8:31:41 0 [Note] Starting MariaDB 10.4.32-MariaDB source revision c4143f909528e3fab0677a28631d10389354c491 as process 21332
2026-07-01  8:31:41 0 [Note] InnoDB: Mutexes and rw_locks use Windows interlocked functions
2026-07-01  8:31:41 0 [Note] InnoDB: Uses event mutexes
2026-07-01  8:31:41 0 [Note] InnoDB: Compressed tables use zlib 1.3
2026-07-01  8:31:41 0 [Note] InnoDB: Number of pools: 1
2026-07-01  8:31:41 0 [Note] InnoDB: Using SSE2 crc32 instructions
2026-07-01  8:31:41 0 [Note] InnoDB: Initializing buffer pool, total size = 16M, instances = 1, chunk size = 16M
2026-07-01  8:31:41 0 [Note] InnoDB: Completed initialization of buffer pool
2026-07-01  8:31:41 0 [Note] InnoDB: Starting crash recovery from checkpoint LSN=7912592
2026-07-01  8:31:42 0 [Note] InnoDB: 128 out of 128 rollback segments are active.
2026-07-01  8:31:42 0 [Note] InnoDB: Removed temporary tablespace data file: "ibtmp1"
2026-07-01  8:31:42 0 [Note] InnoDB: Creating shared tablespace for temporary tables
2026-07-01  8:31:42 0 [Note] InnoDB: Setting file 'C:\xampp\mysql\data\ibtmp1' size to 12 MB. Physically writing the file full; Please wait ...
2026-07-01  8:31:42 0 [Note] InnoDB: File 'C:\xampp\mysql\data\ibtmp1' size is now 12 MB.
2026-07-01  8:31:42 0 [Note] InnoDB: Waiting for purge to start
2026-07-01  8:31:42 0 [Note] InnoDB: 10.4.32 started; log sequence number 7912601; transaction id 11171
2026-07-01  8:31:42 0 [Note] InnoDB: Loading buffer pool(s) from C:\xampp\mysql\data\ib_buffer_pool
2026-07-01  8:31:42 0 [Note] Plugin 'FEEDBACK' is disabled.
2026-07-01  8:31:42 0 [Note] InnoDB: Buffer pool(s) load completed at 260701  8:31:42
2026-07-01  8:31:42 0 [Note] Server socket created on IP: '::'.
2026-07-02  6:14:34 0 [Note] Starting MariaDB 10.4.32-MariaDB source revision c4143f909528e3fab0677a28631d10389354c491 as process 4312
2026-07-02  6:14:34 0 [Note] InnoDB: Mutexes and rw_locks use Windows interlocked functions
2026-07-02  6:14:34 0 [Note] InnoDB: Uses event mutexes
2026-07-02  6:14:34 0 [Note] InnoDB: Compressed tables use zlib 1.3
2026-07-02  6:14:34 0 [Note] InnoDB: Number of pools: 1
2026-07-02  6:14:34 0 [Note] InnoDB: Using SSE2 crc32 instructions
2026-07-02  6:14:34 0 [Note] InnoDB: Initializing buffer pool, total size = 16M, instances = 1, chunk size = 16M
2026-07-02  6:14:34 0 [Note] InnoDB: Completed initialization of buffer pool
2026-07-02  6:14:34 0 [Note] InnoDB: Starting crash recovery from checkpoint LSN=7913236
2026-07-02  6:14:35 0 [Note] InnoDB: 128 out of 128 rollback segments are active.
2026-07-02  6:14:35 0 [Note] InnoDB: Removed temporary tablespace data file: "ibtmp1"
2026-07-02  6:14:35 0 [Note] InnoDB: Creating shared tablespace for temporary tables
2026-07-02  6:14:35 0 [Note] InnoDB: Setting file 'C:\xampp\mysql\data\ibtmp1' size to 12 MB. Physically writing the file full; Please wait ...
2026-07-02  6:14:35 0 [Note] InnoDB: File 'C:\xampp\mysql\data\ibtmp1' size is now 12 MB.
2026-07-02  6:14:35 0 [Note] InnoDB: Waiting for purge to start
2026-07-02  6:14:35 0 [Note] InnoDB: 10.4.32 started; log sequence number 7913245; transaction id 11179
2026-07-02  6:14:35 0 [Note] InnoDB: Loading buffer pool(s) from C:\xampp\mysql\data\ib_buffer_pool
2026-07-02  6:14:35 0 [Note] Plugin 'FEEDBACK' is disabled.
2026-07-02  6:14:35 0 [Note] InnoDB: Buffer pool(s) load completed at 260702  6:14:35
2026-07-02  6:14:35 0 [Note] Server socket created on IP: '::'.
2026-07-02 13:38:06 0 [Note] Starting MariaDB 10.4.32-MariaDB source revision c4143f909528e3fab0677a28631d10389354c491 as process 12060
2026-07-02 13:38:06 0 [Note] InnoDB: Mutexes and rw_locks use Windows interlocked functions
2026-07-02 13:38:06 0 [Note] InnoDB: Uses event mutexes
2026-07-02 13:38:06 0 [Note] InnoDB: Compressed tables use zlib 1.3
2026-07-02 13:38:06 0 [Note] InnoDB: Number of pools: 1
2026-07-02 13:38:06 0 [Note] InnoDB: Using SSE2 crc32 instructions
2026-07-02 13:38:06 0 [Note] InnoDB: Initializing buffer pool, total size = 16M, instances = 1, chunk size = 16M
2026-07-02 13:38:06 0 [Note] InnoDB: Completed initialization of buffer pool
2026-07-02 13:38:06 0 [Note] InnoDB: Starting crash recovery from checkpoint LSN=7913254
2026-07-02 13:38:07 0 [Note] InnoDB: 128 out of 128 rollback segments are active.
2026-07-02 13:38:07 0 [Note] InnoDB: Removed temporary tablespace data file: "ibtmp1"
2026-07-02 13:38:07 0 [Note] InnoDB: Creating shared tablespace for temporary tables
2026-07-02 13:38:07 0 [Note] InnoDB: Setting file 'C:\xampp\mysql\data\ibtmp1' size to 12 MB. Physically writing the file full; Please wait ...
2026-07-02 13:38:07 0 [Note] InnoDB: File 'C:\xampp\mysql\data\ibtmp1' size is now 12 MB.
2026-07-02 13:38:07 0 [Note] InnoDB: Waiting for purge to start
2026-07-02 13:38:07 0 [Note] InnoDB: 10.4.32 started; log sequence number 7913263; transaction id 11179
2026-07-02 13:38:07 0 [Note] InnoDB: Loading buffer pool(s) from C:\xampp\mysql\data\ib_buffer_pool
2026-07-02 13:38:07 0 [Note] Plugin 'FEEDBACK' is disabled.
2026-07-02 13:38:07 0 [Note] InnoDB: Buffer pool(s) load completed at 260702 13:38:07
2026-07-02 13:38:07 0 [Note] Server socket created on IP: '::'.
2026-07-03  6:22:44 0 [Note] Starting MariaDB 10.4.32-MariaDB source revision c4143f909528e3fab0677a28631d10389354c491 as process 18664
2026-07-03  6:22:44 0 [Note] InnoDB: Mutexes and rw_locks use Windows interlocked functions
2026-07-03  6:22:44 0 [Note] InnoDB: Uses event mutexes
2026-07-03  6:22:44 0 [Note] InnoDB: Compressed tables use zlib 1.3
2026-07-03  6:22:44 0 [Note] InnoDB: Number of pools: 1
2026-07-03  6:22:44 0 [Note] InnoDB: Using SSE2 crc32 instructions
2026-07-03  6:22:44 0 [Note] InnoDB: Initializing buffer pool, total size = 16M, instances = 1, chunk size = 16M
2026-07-03  6:22:44 0 [Note] InnoDB: Completed initialization of buffer pool
2026-07-03  6:22:44 0 [Note] InnoDB: Starting crash recovery from checkpoint LSN=7913272
2026-07-03  6:22:44 0 [Note] InnoDB: Starting final batch to recover 4 pages from redo log.
2026-07-03  6:22:45 0 [Note] InnoDB: 128 out of 128 rollback segments are active.
2026-07-03  6:22:45 0 [Note] InnoDB: Removed temporary tablespace data file: "ibtmp1"
2026-07-03  6:22:45 0 [Note] InnoDB: Creating shared tablespace for temporary tables
2026-07-03  6:22:45 0 [Note] InnoDB: Setting file 'C:\xampp\mysql\data\ibtmp1' size to 12 MB. Physically writing the file full; Please wait ...
2026-07-03  6:22:45 0 [Note] InnoDB: File 'C:\xampp\mysql\data\ibtmp1' size is now 12 MB.
2026-07-03  6:22:45 0 [Note] InnoDB: Waiting for purge to start
2026-07-03  6:22:45 0 [Note] InnoDB: 10.4.32 started; log sequence number 7913841; transaction id 11187
2026-07-03  6:22:45 0 [Note] InnoDB: Loading buffer pool(s) from C:\xampp\mysql\data\ib_buffer_pool
2026-07-03  6:22:45 0 [Note] Plugin 'FEEDBACK' is disabled.
2026-07-03  6:22:46 0 [Note] InnoDB: Buffer pool(s) load completed at 260703  6:22:46
2026-07-03  6:22:46 0 [Note] Server socket created on IP: '::'.
2026-07-03 20:53:23 0 [Note] Starting MariaDB 10.4.32-MariaDB source revision c4143f909528e3fab0677a28631d10389354c491 as process 1984
2026-07-03 20:53:23 0 [Note] InnoDB: Mutexes and rw_locks use Windows interlocked functions
2026-07-03 20:53:23 0 [Note] InnoDB: Uses event mutexes
2026-07-03 20:53:23 0 [Note] InnoDB: Compressed tables use zlib 1.3
2026-07-03 20:53:23 0 [Note] InnoDB: Number of pools: 1
2026-07-03 20:53:23 0 [Note] InnoDB: Using SSE2 crc32 instructions
2026-07-03 20:53:23 0 [Note] InnoDB: Initializing buffer pool, total size = 16M, instances = 1, chunk size = 16M
2026-07-03 20:53:23 0 [Note] InnoDB: Completed initialization of buffer pool
2026-07-03 20:53:23 0 [Note] InnoDB: Starting crash recovery from checkpoint LSN=7913272
2026-07-03 20:53:23 0 [Note] InnoDB: Starting final batch to recover 4 pages from redo log.
2026-07-03 20:53:24 0 [Note] InnoDB: 128 out of 128 rollback segments are active.
2026-07-03 20:53:24 0 [Note] InnoDB: Removed temporary tablespace data file: "ibtmp1"
2026-07-03 20:53:24 0 [Note] InnoDB: Creating shared tablespace for temporary tables
2026-07-03 20:53:24 0 [Note] InnoDB: Setting file 'C:\xampp\mysql\data\ibtmp1' size to 12 MB. Physically writing the file full; Please wait ...
2026-07-03 20:53:24 0 [Note] InnoDB: File 'C:\xampp\mysql\data\ibtmp1' size is now 12 MB.
2026-07-03 20:53:24 0 [Note] InnoDB: Waiting for purge to start
2026-07-03 20:53:24 0 [Note] InnoDB: 10.4.32 started; log sequence number 7913899; transaction id 11187
2026-07-03 20:53:24 0 [Note] InnoDB: Loading buffer pool(s) from C:\xampp\mysql\data\ib_buffer_pool
2026-07-03 20:53:24 0 [Note] Plugin 'FEEDBACK' is disabled.
2026-07-03 20:53:24 0 [Note] InnoDB: Buffer pool(s) load completed at 260703 20:53:24
2026-07-03 20:53:24 0 [Note] Server socket created on IP: '::'.
2026-07-07  6:20:09 0 [Note] Starting MariaDB 10.4.32-MariaDB source revision c4143f909528e3fab0677a28631d10389354c491 as process 22144
2026-07-07  6:20:09 0 [Note] InnoDB: Mutexes and rw_locks use Windows interlocked functions
2026-07-07  6:20:09 0 [Note] InnoDB: Uses event mutexes
2026-07-07  6:20:09 0 [Note] InnoDB: Compressed tables use zlib 1.3
2026-07-07  6:20:09 0 [Note] InnoDB: Number of pools: 1
2026-07-07  6:20:09 0 [Note] InnoDB: Using SSE2 crc32 instructions
2026-07-07  6:20:09 0 [Note] InnoDB: Initializing buffer pool, total size = 16M, instances = 1, chunk size = 16M
2026-07-07  6:20:09 0 [Note] InnoDB: Completed initialization of buffer pool
2026-07-07  6:20:09 0 [Note] InnoDB: Starting crash recovery from checkpoint LSN=7914031
2026-07-07  6:20:10 0 [Note] InnoDB: 128 out of 128 rollback segments are active.
2026-07-07  6:20:10 0 [Note] InnoDB: Removed temporary tablespace data file: "ibtmp1"
2026-07-07  6:20:10 0 [Note] InnoDB: Creating shared tablespace for temporary tables
2026-07-07  6:20:10 0 [Note] InnoDB: Setting file 'C:\xampp\mysql\data\ibtmp1' size to 12 MB. Physically writing the file full; Please wait ...
2026-07-07  6:20:10 0 [Note] InnoDB: File 'C:\xampp\mysql\data\ibtmp1' size is now 12 MB.
2026-07-07  6:20:10 0 [Note] InnoDB: Waiting for purge to start
2026-07-07  6:20:10 0 [Note] InnoDB: 10.4.32 started; log sequence number 7914040; transaction id 11187
2026-07-07  6:20:10 0 [Note] Plugin 'FEEDBACK' is disabled.
2026-07-07  6:20:10 0 [Note] InnoDB: Loading buffer pool(s) from C:\xampp\mysql\data\ib_buffer_pool
2026-07-07  6:20:10 0 [Note] InnoDB: Buffer pool(s) load completed at 260707  6:20:10
2026-07-07  6:20:10 0 [Note] Server socket created on IP: '::'.
2026-07-09 16:08:31 0 [Note] Starting MariaDB 10.4.32-MariaDB source revision c4143f909528e3fab0677a28631d10389354c491 as process 4888
2026-07-09 16:08:31 0 [Note] InnoDB: Mutexes and rw_locks use Windows interlocked functions
2026-07-09 16:08:31 0 [Note] InnoDB: Uses event mutexes
2026-07-09 16:08:31 0 [Note] InnoDB: Compressed tables use zlib 1.3
2026-07-09 16:08:31 0 [Note] InnoDB: Number of pools: 1
2026-07-09 16:08:31 0 [Note] InnoDB: Using SSE2 crc32 instructions
2026-07-09 16:08:31 0 [Note] InnoDB: Initializing buffer pool, total size = 16M, instances = 1, chunk size = 16M
2026-07-09 16:08:31 0 [Note] InnoDB: Completed initialization of buffer pool
2026-07-09 16:08:31 0 [Note] InnoDB: Starting crash recovery from checkpoint LSN=7914049
2026-07-09 16:08:32 0 [Note] InnoDB: 128 out of 128 rollback segments are active.
2026-07-09 16:08:32 0 [Note] InnoDB: Removed temporary tablespace data file: "ibtmp1"
2026-07-09 16:08:32 0 [Note] InnoDB: Creating shared tablespace for temporary tables
2026-07-09 16:08:32 0 [Note] InnoDB: Setting file 'C:\xampp\mysql\data\ibtmp1' size to 12 MB. Physically writing the file full; Please wait ...
2026-07-09 16:08:32 0 [Note] InnoDB: File 'C:\xampp\mysql\data\ibtmp1' size is now 12 MB.
2026-07-09 16:08:32 0 [Note] InnoDB: Waiting for purge to start
2026-07-09 16:08:32 0 [Note] InnoDB: 10.4.32 started; log sequence number 7914058; transaction id 11187
2026-07-09 16:08:32 0 [Note] Plugin 'FEEDBACK' is disabled.
2026-07-09 16:08:32 0 [Note] InnoDB: Loading buffer pool(s) from C:\xampp\mysql\data\ib_buffer_pool
2026-07-09 16:08:32 0 [Note] InnoDB: Buffer pool(s) load completed at 260709 16:08:32
2026-07-09 16:08:32 0 [Note] Server socket created on IP: '::'.
2026-07-10 16:49:36 0 [Note] Starting MariaDB 10.4.32-MariaDB source revision c4143f909528e3fab0677a28631d10389354c491 as process 9748
2026-07-10 16:49:36 0 [Note] InnoDB: Mutexes and rw_locks use Windows interlocked functions
2026-07-10 16:49:36 0 [Note] InnoDB: Uses event mutexes
2026-07-10 16:49:36 0 [Note] InnoDB: Compressed tables use zlib 1.3
2026-07-10 16:49:36 0 [Note] InnoDB: Number of pools: 1
2026-07-10 16:49:36 0 [Note] InnoDB: Using SSE2 crc32 instructions
2026-07-10 16:49:36 0 [Note] InnoDB: Initializing buffer pool, total size = 16M, instances = 1, chunk size = 16M
2026-07-10 16:49:36 0 [Note] InnoDB: Completed initialization of buffer pool
2026-07-10 16:49:36 0 [Note] InnoDB: Starting crash recovery from checkpoint LSN=7914067
2026-07-10 16:49:37 0 [Note] InnoDB: 128 out of 128 rollback segments are active.
2026-07-10 16:49:37 0 [Note] InnoDB: Removed temporary tablespace data file: "ibtmp1"
2026-07-10 16:49:37 0 [Note] InnoDB: Creating shared tablespace for temporary tables
2026-07-10 16:49:37 0 [Note] InnoDB: Setting file 'C:\xampp\mysql\data\ibtmp1' size to 12 MB. Physically writing the file full; Please wait ...
2026-07-10 16:49:37 0 [Note] InnoDB: File 'C:\xampp\mysql\data\ibtmp1' size is now 12 MB.
2026-07-10 16:49:37 0 [Note] InnoDB: Waiting for purge to start
2026-07-10 16:49:37 0 [Note] InnoDB: 10.4.32 started; log sequence number 7914076; transaction id 11187
2026-07-10 16:49:37 0 [Note] InnoDB: Loading buffer pool(s) from C:\xampp\mysql\data\ib_buffer_pool
2026-07-10 16:49:37 0 [Note] Plugin 'FEEDBACK' is disabled.
2026-07-10 16:49:37 0 [Note] InnoDB: Buffer pool(s) load completed at 260710 16:49:37
2026-07-10 16:49:37 0 [Note] Server socket created on IP: '::'.
2026-07-13 20:04:50 0 [Note] Starting MariaDB 10.4.32-MariaDB source revision c4143f909528e3fab0677a28631d10389354c491 as process 15948
2026-07-13 20:04:50 0 [Note] InnoDB: Mutexes and rw_locks use Windows interlocked functions
2026-07-13 20:04:50 0 [Note] InnoDB: Uses event mutexes
2026-07-13 20:04:50 0 [Note] InnoDB: Compressed tables use zlib 1.3
2026-07-13 20:04:50 0 [Note] InnoDB: Number of pools: 1
2026-07-13 20:04:50 0 [Note] InnoDB: Using SSE2 crc32 instructions
2026-07-13 20:04:50 0 [Note] InnoDB: Initializing buffer pool, total size = 16M, instances = 1, chunk size = 16M
2026-07-13 20:04:50 0 [Note] InnoDB: Completed initialization of buffer pool
2026-07-13 20:04:50 0 [Note] InnoDB: Starting crash recovery from checkpoint LSN=7914085
2026-07-13 20:04:51 0 [Note] InnoDB: 128 out of 128 rollback segments are active.
2026-07-13 20:04:51 0 [Note] InnoDB: Removed temporary tablespace data file: "ibtmp1"
2026-07-13 20:04:51 0 [Note] InnoDB: Creating shared tablespace for temporary tables
2026-07-13 20:04:51 0 [Note] InnoDB: Setting file 'C:\xampp\mysql\data\ibtmp1' size to 12 MB. Physically writing the file full; Please wait ...
2026-07-13 20:04:51 0 [Note] InnoDB: File 'C:\xampp\mysql\data\ibtmp1' size is now 12 MB.
2026-07-13 20:04:51 0 [Note] InnoDB: Waiting for purge to start
2026-07-13 20:04:51 0 [Note] InnoDB: 10.4.32 started; log sequence number 7914094; transaction id 11187
2026-07-13 20:04:51 0 [Note] InnoDB: Loading buffer pool(s) from C:\xampp\mysql\data\ib_buffer_pool
2026-07-13 20:04:51 0 [Note] Plugin 'FEEDBACK' is disabled.
2026-07-13 20:04:51 0 [Note] InnoDB: Buffer pool(s) load completed at 260713 20:04:51
2026-07-13 20:04:51 0 [Note] Server socket created on IP: '::'.
2026-07-14 13:53:03 0 [Note] Starting MariaDB 10.4.32-MariaDB source revision c4143f909528e3fab0677a28631d10389354c491 as process 12064
2026-07-14 13:53:03 0 [Note] InnoDB: Mutexes and rw_locks use Windows interlocked functions
2026-07-14 13:53:03 0 [Note] InnoDB: Uses event mutexes
2026-07-14 13:53:03 0 [Note] InnoDB: Compressed tables use zlib 1.3
2026-07-14 13:53:03 0 [Note] InnoDB: Number of pools: 1
2026-07-14 13:53:03 0 [Note] InnoDB: Using SSE2 crc32 instructions
2026-07-14 13:53:03 0 [Note] InnoDB: Initializing buffer pool, total size = 16M, instances = 1, chunk size = 16M
2026-07-14 13:53:03 0 [Note] InnoDB: Completed initialization of buffer pool
2026-07-14 13:53:03 0 [Note] InnoDB: Starting crash recovery from checkpoint LSN=9866933
2026-07-14 13:53:04 0 [Note] InnoDB: 128 out of 128 rollback segments are active.
2026-07-14 13:53:04 0 [Note] InnoDB: Removed temporary tablespace data file: "ibtmp1"
2026-07-14 13:53:04 0 [Note] InnoDB: Creating shared tablespace for temporary tables
2026-07-14 13:53:04 0 [Note] InnoDB: Setting file 'C:\xampp\mysql\data\ibtmp1' size to 12 MB. Physically writing the file full; Please wait ...
2026-07-14 13:53:04 0 [Note] InnoDB: File 'C:\xampp\mysql\data\ibtmp1' size is now 12 MB.
2026-07-14 13:53:04 0 [Note] InnoDB: Waiting for purge to start
2026-07-14 13:53:04 0 [Note] InnoDB: 10.4.32 started; log sequence number 9866942; transaction id 13494
2026-07-14 13:53:04 0 [Note] InnoDB: Loading buffer pool(s) from C:\xampp\mysql\data\ib_buffer_pool
2026-07-14 13:53:04 0 [Note] Plugin 'FEEDBACK' is disabled.
2026-07-14 13:53:04 0 [Note] InnoDB: Buffer pool(s) load completed at 260714 13:53:04
2026-07-14 13:53:04 0 [Note] Server socket created on IP: '::'.
2026-07-14 13:53:07 0 [Note] Starting MariaDB 10.4.32-MariaDB source revision c4143f909528e3fab0677a28631d10389354c491 as process 15216
2026-07-14 13:53:07 0 [Note] InnoDB: Mutexes and rw_locks use Windows interlocked functions
2026-07-14 13:53:07 0 [Note] InnoDB: Uses event mutexes
2026-07-14 13:53:07 0 [Note] InnoDB: Compressed tables use zlib 1.3
2026-07-14 13:53:07 0 [Note] InnoDB: Number of pools: 1
2026-07-14 13:53:07 0 [Note] InnoDB: Using SSE2 crc32 instructions
2026-07-14 13:53:07 0 [Note] InnoDB: Initializing buffer pool, total size = 16M, instances = 1, chunk size = 16M
2026-07-14 13:53:07 0 [Note] InnoDB: Completed initialization of buffer pool
2026-07-14 13:53:07 0 [Note] InnoDB: Starting crash recovery from checkpoint LSN=9866933
2026-07-14 13:53:07 0 [Note] InnoDB: 128 out of 128 rollback segments are active.
2026-07-14 13:53:07 0 [Note] InnoDB: Removed temporary tablespace data file: "ibtmp1"
2026-07-14 13:53:07 0 [Note] InnoDB: Creating shared tablespace for temporary tables
2026-07-14 13:53:07 0 [Note] InnoDB: Setting file 'C:\xampp\mysql\data\ibtmp1' size to 12 MB. Physically writing the file full; Please wait ...
2026-07-14 13:53:07 0 [Note] InnoDB: File 'C:\xampp\mysql\data\ibtmp1' size is now 12 MB.
2026-07-14 13:53:07 0 [Note] InnoDB: Waiting for purge to start
2026-07-14 13:53:07 0 [Note] InnoDB: 10.4.32 started; log sequence number 9866942; transaction id 13494
2026-07-14 13:53:07 0 [Note] InnoDB: Loading buffer pool(s) from C:\xampp\mysql\data\ib_buffer_pool
2026-07-14 13:53:07 0 [Note] Plugin 'FEEDBACK' is disabled.
2026-07-14 13:53:07 0 [Note] InnoDB: Buffer pool(s) load completed at 260714 13:53:07
2026-07-14 13:53:07 0 [Note] Server socket created on IP: '::'.
2026-07-14 14:01:29 0 [Note] Starting MariaDB 10.4.32-MariaDB source revision c4143f909528e3fab0677a28631d10389354c491 as process 5356
2026-07-14 14:01:29 0 [Note] InnoDB: Mutexes and rw_locks use Windows interlocked functions
2026-07-14 14:01:29 0 [Note] InnoDB: Uses event mutexes
2026-07-14 14:01:29 0 [Note] InnoDB: Compressed tables use zlib 1.3
2026-07-14 14:01:29 0 [Note] InnoDB: Number of pools: 1
2026-07-14 14:01:29 0 [Note] InnoDB: Using SSE2 crc32 instructions
2026-07-14 14:01:29 0 [Note] InnoDB: Initializing buffer pool, total size = 16M, instances = 1, chunk size = 16M
2026-07-14 14:01:29 0 [Note] InnoDB: Completed initialization of buffer pool
2026-07-14 14:01:29 0 [Note] InnoDB: Starting crash recovery from checkpoint LSN=9866951
2026-07-14 14:01:29 0 [Note] InnoDB: 128 out of 128 rollback segments are active.
2026-07-14 14:01:29 0 [Note] InnoDB: Removed temporary tablespace data file: "ibtmp1"
2026-07-14 14:01:29 0 [Note] InnoDB: Creating shared tablespace for temporary tables
2026-07-14 14:01:29 0 [Note] InnoDB: Setting file 'C:\xampp\mysql\data\ibtmp1' size to 12 MB. Physically writing the file full; Please wait ...
2026-07-14 14:01:29 0 [Note] InnoDB: File 'C:\xampp\mysql\data\ibtmp1' size is now 12 MB.
2026-07-14 14:01:29 0 [Note] InnoDB: Waiting for purge to start
2026-07-14 14:01:29 0 [Note] InnoDB: 10.4.32 started; log sequence number 9866960; transaction id 13494
2026-07-14 14:01:29 0 [Note] InnoDB: Loading buffer pool(s) from C:\xampp\mysql\data\ib_buffer_pool
2026-07-14 14:01:29 0 [Note] Plugin 'FEEDBACK' is disabled.
2026-07-14 14:01:29 0 [Note] Server socket created on IP: '::'.
2026-07-14 22:20:12 0 [Note] Starting MariaDB 10.4.32-MariaDB source revision c4143f909528e3fab0677a28631d10389354c491 as process 4444
2026-07-14 22:20:12 0 [Note] InnoDB: Mutexes and rw_locks use Windows interlocked functions
2026-07-14 22:20:12 0 [Note] InnoDB: Uses event mutexes
2026-07-14 22:20:12 0 [Note] InnoDB: Compressed tables use zlib 1.3
2026-07-14 22:20:12 0 [Note] InnoDB: Number of pools: 1
2026-07-14 22:20:12 0 [Note] InnoDB: Using SSE2 crc32 instructions
2026-07-14 22:20:12 0 [Note] InnoDB: Initializing buffer pool, total size = 16M, instances = 1, chunk size = 16M
2026-07-14 22:20:12 0 [Note] InnoDB: Completed initialization of buffer pool
2026-07-14 22:20:12 0 [Note] InnoDB: Starting crash recovery from checkpoint LSN=10117303
2026-07-14 22:20:12 0 [Note] InnoDB: 128 out of 128 rollback segments are active.
2026-07-14 22:20:12 0 [Note] InnoDB: Removed temporary tablespace data file: "ibtmp1"
2026-07-14 22:20:12 0 [Note] InnoDB: Creating shared tablespace for temporary tables
2026-07-14 22:20:12 0 [Note] InnoDB: Setting file 'C:\xampp\mysql\data\ibtmp1' size to 12 MB. Physically writing the file full; Please wait ...
2026-07-14 22:20:12 0 [Note] InnoDB: File 'C:\xampp\mysql\data\ibtmp1' size is now 12 MB.
2026-07-14 22:20:12 0 [Note] InnoDB: Waiting for purge to start
2026-07-14 22:20:12 0 [Note] InnoDB: 10.4.32 started; log sequence number 10117312; transaction id 14374
2026-07-14 22:20:12 0 [Note] InnoDB: Loading buffer pool(s) from C:\xampp\mysql\data\ib_buffer_pool
2026-07-14 22:20:12 0 [Note] Plugin 'FEEDBACK' is disabled.
2026-07-14 22:20:12 0 [Note] InnoDB: Buffer pool(s) load completed at 260714 22:20:12
2026-07-14 22:20:13 0 [Note] Server socket created on IP: '::'.
2026-07-15  6:52:57 0 [Note] Starting MariaDB 10.4.32-MariaDB source revision c4143f909528e3fab0677a28631d10389354c491 as process 14016
2026-07-15  6:52:58 0 [Note] InnoDB: Mutexes and rw_locks use Windows interlocked functions
2026-07-15  6:52:58 0 [Note] InnoDB: Uses event mutexes
2026-07-15  6:52:58 0 [Note] InnoDB: Compressed tables use zlib 1.3
2026-07-15  6:52:58 0 [Note] InnoDB: Number of pools: 1
2026-07-15  6:52:58 0 [Note] InnoDB: Using SSE2 crc32 instructions
2026-07-15  6:52:58 0 [Note] InnoDB: Initializing buffer pool, total size = 16M, instances = 1, chunk size = 16M
2026-07-15  6:52:58 0 [Note] InnoDB: Completed initialization of buffer pool
2026-07-15  6:52:58 0 [Note] InnoDB: Starting crash recovery from checkpoint LSN=13366229
2026-07-15  6:52:58 0 [Note] InnoDB: 128 out of 128 rollback segments are active.
2026-07-15  6:52:58 0 [Note] InnoDB: Removed temporary tablespace data file: "ibtmp1"
2026-07-15  6:52:58 0 [Note] InnoDB: Creating shared tablespace for temporary tables
2026-07-15  6:52:58 0 [Note] InnoDB: Setting file 'C:\xampp\mysql\data\ibtmp1' size to 12 MB. Physically writing the file full; Please wait ...
2026-07-15  6:52:58 0 [Note] InnoDB: File 'C:\xampp\mysql\data\ibtmp1' size is now 12 MB.
2026-07-15  6:52:58 0 [Note] InnoDB: Waiting for purge to start
2026-07-15  6:52:58 0 [Note] InnoDB: 10.4.32 started; log sequence number 13366238; transaction id 19123
2026-07-15  6:52:58 0 [Note] InnoDB: Loading buffer pool(s) from C:\xampp\mysql\data\ib_buffer_pool
2026-07-15  6:52:58 0 [Note] Plugin 'FEEDBACK' is disabled.
2026-07-15  6:52:58 0 [Note] InnoDB: Buffer pool(s) load completed at 260715  6:52:58
2026-07-15  6:52:58 0 [Note] Server socket created on IP: '::'.
2026-07-16 15:11:15 0 [Note] Starting MariaDB 10.4.32-MariaDB source revision c4143f909528e3fab0677a28631d10389354c491 as process 13740
2026-07-16 15:11:15 0 [Note] InnoDB: Mutexes and rw_locks use Windows interlocked functions
2026-07-16 15:11:15 0 [Note] InnoDB: Uses event mutexes
2026-07-16 15:11:15 0 [Note] InnoDB: Compressed tables use zlib 1.3
2026-07-16 15:11:15 0 [Note] InnoDB: Number of pools: 1
2026-07-16 15:11:15 0 [Note] InnoDB: Using SSE2 crc32 instructions
2026-07-16 15:11:15 0 [Note] InnoDB: Initializing buffer pool, total size = 16M, instances = 1, chunk size = 16M
2026-07-16 15:11:15 0 [Note] InnoDB: Completed initialization of buffer pool
2026-07-16 15:11:15 0 [Note] InnoDB: Starting crash recovery from checkpoint LSN=16682362
2026-07-16 15:11:16 0 [Note] InnoDB: 128 out of 128 rollback segments are active.
2026-07-16 15:11:16 0 [Note] InnoDB: Removed temporary tablespace data file: "ibtmp1"
2026-07-16 15:11:16 0 [Note] InnoDB: Creating shared tablespace for temporary tables
2026-07-16 15:11:16 0 [Note] InnoDB: Setting file 'C:\xampp\mysql\data\ibtmp1' size to 12 MB. Physically writing the file full; Please wait ...
2026-07-16 15:11:16 0 [Note] InnoDB: File 'C:\xampp\mysql\data\ibtmp1' size is now 12 MB.
2026-07-16 15:11:16 0 [Note] InnoDB: Waiting for purge to start
2026-07-16 15:11:16 0 [Note] InnoDB: 10.4.32 started; log sequence number 16682371; transaction id 23916
2026-07-16 15:11:16 0 [Note] InnoDB: Loading buffer pool(s) from C:\xampp\mysql\data\ib_buffer_pool
2026-07-16 15:11:16 0 [Note] Plugin 'FEEDBACK' is disabled.
2026-07-16 15:11:16 0 [Note] InnoDB: Buffer pool(s) load completed at 260716 15:11:16
2026-07-16 15:11:16 0 [Note] Server socket created on IP: '::'.
2026-07-17  6:48:08 0 [Note] Starting MariaDB 10.4.32-MariaDB source revision c4143f909528e3fab0677a28631d10389354c491 as process 10040
2026-07-17  6:48:08 0 [Note] InnoDB: Mutexes and rw_locks use Windows interlocked functions
2026-07-17  6:48:08 0 [Note] InnoDB: Uses event mutexes
2026-07-17  6:48:08 0 [Note] InnoDB: Compressed tables use zlib 1.3
2026-07-17  6:48:08 0 [Note] InnoDB: Number of pools: 1
2026-07-17  6:48:08 0 [Note] InnoDB: Using SSE2 crc32 instructions
2026-07-17  6:48:08 0 [Note] InnoDB: Initializing buffer pool, total size = 16M, instances = 1, chunk size = 16M
2026-07-17  6:48:08 0 [Note] InnoDB: Completed initialization of buffer pool
2026-07-17  6:48:08 0 [Note] InnoDB: Starting crash recovery from checkpoint LSN=17876786
2026-07-17  6:48:09 0 [Note] InnoDB: 128 out of 128 rollback segments are active.
2026-07-17  6:48:09 0 [Note] InnoDB: Removed temporary tablespace data file: "ibtmp1"
2026-07-17  6:48:09 0 [Note] InnoDB: Creating shared tablespace for temporary tables
2026-07-17  6:48:09 0 [Note] InnoDB: Setting file 'C:\xampp\mysql\data\ibtmp1' size to 12 MB. Physically writing the file full; Please wait ...
2026-07-17  6:48:09 0 [Note] InnoDB: File 'C:\xampp\mysql\data\ibtmp1' size is now 12 MB.
2026-07-17  6:48:09 0 [Note] InnoDB: Waiting for purge to start
2026-07-17  6:48:09 0 [Note] InnoDB: 10.4.32 started; log sequence number 17876795; transaction id 25965
2026-07-17  6:48:09 0 [Note] InnoDB: Loading buffer pool(s) from C:\xampp\mysql\data\ib_buffer_pool
2026-07-17  6:48:09 0 [Note] Plugin 'FEEDBACK' is disabled.
2026-07-17  6:48:09 0 [Note] InnoDB: Buffer pool(s) load completed at 260717  6:48:09
2026-07-17  6:48:09 0 [Note] Server socket created on IP: '::'.
2026-07-18 12:21:38 0 [Note] Starting MariaDB 10.4.32-MariaDB source revision c4143f909528e3fab0677a28631d10389354c491 as process 23008
2026-07-18 12:21:38 0 [Note] InnoDB: Mutexes and rw_locks use Windows interlocked functions
2026-07-18 12:21:38 0 [Note] InnoDB: Uses event mutexes
2026-07-18 12:21:38 0 [Note] InnoDB: Compressed tables use zlib 1.3
2026-07-18 12:21:38 0 [Note] InnoDB: Number of pools: 1
2026-07-18 12:21:38 0 [Note] InnoDB: Using SSE2 crc32 instructions
2026-07-18 12:21:38 0 [Note] InnoDB: Initializing buffer pool, total size = 16M, instances = 1, chunk size = 16M
2026-07-18 12:21:38 0 [Note] InnoDB: Completed initialization of buffer pool
2026-07-18 12:21:38 0 [Note] InnoDB: Starting crash recovery from checkpoint LSN=18224340
2026-07-18 12:21:39 0 [Note] InnoDB: 128 out of 128 rollback segments are active.
2026-07-18 12:21:39 0 [Note] InnoDB: Removed temporary tablespace data file: "ibtmp1"
2026-07-18 12:21:39 0 [Note] InnoDB: Creating shared tablespace for temporary tables
2026-07-18 12:21:39 0 [Note] InnoDB: Setting file 'C:\xampp\mysql\data\ibtmp1' size to 12 MB. Physically writing the file full; Please wait ...
2026-07-18 12:21:39 0 [Note] InnoDB: File 'C:\xampp\mysql\data\ibtmp1' size is now 12 MB.
2026-07-18 12:21:39 0 [Note] InnoDB: Waiting for purge to start
2026-07-18 12:21:39 0 [Note] InnoDB: 10.4.32 started; log sequence number 18224349; transaction id 26995
2026-07-18 12:21:39 0 [Note] InnoDB: Loading buffer pool(s) from C:\xampp\mysql\data\ib_buffer_pool
2026-07-18 12:21:39 0 [Note] Plugin 'FEEDBACK' is disabled.
2026-07-18 12:21:39 0 [Note] InnoDB: Buffer pool(s) load completed at 260718 12:21:39
2026-07-18 12:21:39 0 [Note] Server socket created on IP: '::'.
2026-07-19 15:15:13 0 [Note] Starting MariaDB 10.4.32-MariaDB source revision c4143f909528e3fab0677a28631d10389354c491 as process 13064
2026-07-19 15:15:13 0 [Note] InnoDB: Mutexes and rw_locks use Windows interlocked functions
2026-07-19 15:15:13 0 [Note] InnoDB: Uses event mutexes
2026-07-19 15:15:13 0 [Note] InnoDB: Compressed tables use zlib 1.3
2026-07-19 15:15:13 0 [Note] InnoDB: Number of pools: 1
2026-07-19 15:15:13 0 [Note] InnoDB: Using SSE2 crc32 instructions
2026-07-19 15:15:13 0 [Note] InnoDB: Initializing buffer pool, total size = 16M, instances = 1, chunk size = 16M
2026-07-19 15:15:13 0 [Note] InnoDB: Completed initialization of buffer pool
2026-07-19 15:15:13 0 [Note] InnoDB: Starting crash recovery from checkpoint LSN=23054197
2026-07-19 15:15:14 0 [Note] InnoDB: 128 out of 128 rollback segments are active.
2026-07-19 15:15:14 0 [Note] InnoDB: Removed temporary tablespace data file: "ibtmp1"
2026-07-19 15:15:14 0 [Note] InnoDB: Creating shared tablespace for temporary tables
2026-07-19 15:15:14 0 [Note] InnoDB: Setting file 'C:\xampp\mysql\data\ibtmp1' size to 12 MB. Physically writing the file full; Please wait ...
2026-07-19 15:15:14 0 [Note] InnoDB: File 'C:\xampp\mysql\data\ibtmp1' size is now 12 MB.
2026-07-19 15:15:14 0 [Note] InnoDB: Waiting for purge to start
2026-07-19 15:15:14 0 [Note] InnoDB: 10.4.32 started; log sequence number 23054206; transaction id 32228
2026-07-19 15:15:14 0 [Note] InnoDB: Loading buffer pool(s) from C:\xampp\mysql\data\ib_buffer_pool
2026-07-19 15:15:14 0 [Note] Plugin 'FEEDBACK' is disabled.
2026-07-19 15:15:14 0 [Note] InnoDB: Buffer pool(s) load completed at 260719 15:15:14
2026-07-19 15:15:14 0 [Note] Server socket created on IP: '::'.
2026-07-20  5:48:36 0 [Note] Starting MariaDB 10.4.32-MariaDB source revision c4143f909528e3fab0677a28631d10389354c491 as process 19272
2026-07-20  5:48:36 0 [Note] InnoDB: Mutexes and rw_locks use Windows interlocked functions
2026-07-20  5:48:36 0 [Note] InnoDB: Uses event mutexes
2026-07-20  5:48:36 0 [Note] InnoDB: Compressed tables use zlib 1.3
2026-07-20  5:48:36 0 [Note] InnoDB: Number of pools: 1
2026-07-20  5:48:36 0 [Note] InnoDB: Using SSE2 crc32 instructions
2026-07-20  5:48:36 0 [Note] InnoDB: Initializing buffer pool, total size = 16M, instances = 1, chunk size = 16M
2026-07-20  5:48:36 0 [Note] InnoDB: Completed initialization of buffer pool
2026-07-20  5:48:36 0 [Note] InnoDB: Starting crash recovery from checkpoint LSN=27333078
2026-07-20  5:48:37 0 [Note] InnoDB: 128 out of 128 rollback segments are active.
2026-07-20  5:48:37 0 [Note] InnoDB: Removed temporary tablespace data file: "ibtmp1"
2026-07-20  5:48:37 0 [Note] InnoDB: Creating shared tablespace for temporary tables
2026-07-20  5:48:37 0 [Note] InnoDB: Setting file 'C:\xampp\mysql\data\ibtmp1' size to 12 MB. Physically writing the file full; Please wait ...
2026-07-20  5:48:37 0 [Note] InnoDB: File 'C:\xampp\mysql\data\ibtmp1' size is now 12 MB.
2026-07-20  5:48:37 0 [Note] InnoDB: Waiting for purge to start
2026-07-20  5:48:37 0 [Note] InnoDB: 10.4.32 started; log sequence number 27333087; transaction id 35484
2026-07-20  5:48:37 0 [Note] InnoDB: Loading buffer pool(s) from C:\xampp\mysql\data\ib_buffer_pool
2026-07-20  5:48:37 0 [Note] Plugin 'FEEDBACK' is disabled.
2026-07-20  5:48:37 0 [Note] InnoDB: Buffer pool(s) load completed at 260720  5:48:37
2026-07-20  5:48:37 0 [Note] Server socket created on IP: '::'.
2026-07-20 11:09:35 0 [Note] Starting MariaDB 10.4.32-MariaDB source revision c4143f909528e3fab0677a28631d10389354c491 as process 13008
2026-07-20 11:09:35 0 [Note] InnoDB: Mutexes and rw_locks use Windows interlocked functions
2026-07-20 11:09:35 0 [Note] InnoDB: Uses event mutexes
2026-07-20 11:09:35 0 [Note] InnoDB: Compressed tables use zlib 1.3
2026-07-20 11:09:35 0 [Note] InnoDB: Number of pools: 1
2026-07-20 11:09:35 0 [Note] InnoDB: Using SSE2 crc32 instructions
2026-07-20 11:09:35 0 [Note] InnoDB: Initializing buffer pool, total size = 16M, instances = 1, chunk size = 16M
2026-07-20 11:09:35 0 [Note] InnoDB: Completed initialization of buffer pool
2026-07-20 11:09:35 0 [Note] InnoDB: Starting crash recovery from checkpoint LSN=28526390
2026-07-20 11:09:35 0 [Note] InnoDB: 128 out of 128 rollback segments are active.
2026-07-20 11:09:35 0 [Note] InnoDB: Removed temporary tablespace data file: "ibtmp1"
2026-07-20 11:09:35 0 [Note] InnoDB: Creating shared tablespace for temporary tables
2026-07-20 11:09:35 0 [Note] InnoDB: Setting file 'C:\xampp\mysql\data\ibtmp1' size to 12 MB. Physically writing the file full; Please wait ...
2026-07-20 11:09:35 0 [Note] InnoDB: File 'C:\xampp\mysql\data\ibtmp1' size is now 12 MB.
2026-07-20 11:09:35 0 [Note] InnoDB: Waiting for purge to start
2026-07-20 11:09:35 0 [Note] InnoDB: 10.4.32 started; log sequence number 28526399; transaction id 36027
2026-07-20 11:09:35 0 [Note] InnoDB: Loading buffer pool(s) from C:\xampp\mysql\data\ib_buffer_pool
2026-07-20 11:09:35 0 [Note] Plugin 'FEEDBACK' is disabled.
2026-07-20 11:09:35 0 [Note] Server socket created on IP: '::'.
2026-07-21  6:28:45 0 [Note] Starting MariaDB 10.4.32-MariaDB source revision c4143f909528e3fab0677a28631d10389354c491 as process 16048
2026-07-21  6:28:45 0 [Note] InnoDB: Mutexes and rw_locks use Windows interlocked functions
2026-07-21  6:28:45 0 [Note] InnoDB: Uses event mutexes
2026-07-21  6:28:45 0 [Note] InnoDB: Compressed tables use zlib 1.3
2026-07-21  6:28:45 0 [Note] InnoDB: Number of pools: 1
2026-07-21  6:28:45 0 [Note] InnoDB: Using SSE2 crc32 instructions
2026-07-21  6:28:45 0 [Note] InnoDB: Initializing buffer pool, total size = 16M, instances = 1, chunk size = 16M
2026-07-21  6:28:45 0 [Note] InnoDB: Completed initialization of buffer pool
2026-07-21  6:28:45 0 [Note] InnoDB: Starting crash recovery from checkpoint LSN=35934319
2026-07-21  6:28:46 0 [Note] InnoDB: 128 out of 128 rollback segments are active.
2026-07-21  6:28:46 0 [Note] InnoDB: Removed temporary tablespace data file: "ibtmp1"
2026-07-21  6:28:46 0 [Note] InnoDB: Creating shared tablespace for temporary tables
2026-07-21  6:28:46 0 [Note] InnoDB: Setting file 'C:\xampp\mysql\data\ibtmp1' size to 12 MB. Physically writing the file full; Please wait ...
2026-07-21  6:28:46 0 [Note] InnoDB: File 'C:\xampp\mysql\data\ibtmp1' size is now 12 MB.
2026-07-21  6:28:46 0 [Note] InnoDB: Waiting for purge to start
2026-07-21  6:28:46 0 [Note] InnoDB: 10.4.32 started; log sequence number 35934328; transaction id 39860
2026-07-21  6:28:46 0 [Note] InnoDB: Loading buffer pool(s) from C:\xampp\mysql\data\ib_buffer_pool
2026-07-21  6:28:46 0 [Note] Plugin 'FEEDBACK' is disabled.
2026-07-21  6:28:46 0 [Note] InnoDB: Buffer pool(s) load completed at 260721  6:28:46
2026-07-21  6:28:46 0 [Note] Server socket created on IP: '::'.
2026-07-21  6:28:47 0 [Note] Starting MariaDB 10.4.32-MariaDB source revision c4143f909528e3fab0677a28631d10389354c491 as process 7408
2026-07-21  6:28:47 0 [Note] InnoDB: Mutexes and rw_locks use Windows interlocked functions
2026-07-21  6:28:47 0 [Note] InnoDB: Uses event mutexes
2026-07-21  6:28:47 0 [Note] InnoDB: Compressed tables use zlib 1.3
2026-07-21  6:28:47 0 [Note] InnoDB: Number of pools: 1
2026-07-21  6:28:47 0 [Note] InnoDB: Using SSE2 crc32 instructions
2026-07-21  6:28:47 0 [Note] InnoDB: Initializing buffer pool, total size = 16M, instances = 1, chunk size = 16M
2026-07-21  6:28:47 0 [Note] InnoDB: Completed initialization of buffer pool
2026-07-21  6:28:47 0 [Note] InnoDB: Starting crash recovery from checkpoint LSN=35934319
2026-07-21  6:28:48 0 [Note] InnoDB: 128 out of 128 rollback segments are active.
2026-07-21  6:28:48 0 [Note] InnoDB: Removed temporary tablespace data file: "ibtmp1"
2026-07-21  6:28:48 0 [Note] InnoDB: Creating shared tablespace for temporary tables
2026-07-21  6:28:48 0 [Note] InnoDB: Setting file 'C:\xampp\mysql\data\ibtmp1' size to 12 MB. Physically writing the file full; Please wait ...
2026-07-21  6:28:48 0 [Note] InnoDB: File 'C:\xampp\mysql\data\ibtmp1' size is now 12 MB.
2026-07-21  6:28:48 0 [Note] InnoDB: Waiting for purge to start
2026-07-21  6:28:48 0 [Note] InnoDB: 10.4.32 started; log sequence number 35934328; transaction id 39860
2026-07-21  6:28:48 0 [Note] InnoDB: Loading buffer pool(s) from C:\xampp\mysql\data\ib_buffer_pool
2026-07-21  6:28:48 0 [Note] Plugin 'FEEDBACK' is disabled.
2026-07-21  6:28:48 0 [Note] Server socket created on IP: '::'.
2026-07-22  7:08:28 0 [Note] Starting MariaDB 10.4.32-MariaDB source revision c4143f909528e3fab0677a28631d10389354c491 as process 6620
2026-07-22  7:08:28 0 [Note] InnoDB: Mutexes and rw_locks use Windows interlocked functions
2026-07-22  7:08:28 0 [Note] InnoDB: Uses event mutexes
2026-07-22  7:08:28 0 [Note] InnoDB: Compressed tables use zlib 1.3
2026-07-22  7:08:28 0 [Note] InnoDB: Number of pools: 1
2026-07-22  7:08:28 0 [Note] InnoDB: Using SSE2 crc32 instructions
2026-07-22  7:08:28 0 [Note] InnoDB: Initializing buffer pool, total size = 16M, instances = 1, chunk size = 16M
2026-07-22  7:08:28 0 [Note] InnoDB: Completed initialization of buffer pool
2026-07-22  7:08:28 0 [Note] InnoDB: Starting crash recovery from checkpoint LSN=38185791
2026-07-22  7:08:29 0 [Note] InnoDB: 128 out of 128 rollback segments are active.
2026-07-22  7:08:29 0 [Note] InnoDB: Removed temporary tablespace data file: "ibtmp1"
2026-07-22  7:08:29 0 [Note] InnoDB: Creating shared tablespace for temporary tables
2026-07-22  7:08:29 0 [Note] InnoDB: Setting file 'C:\xampp\mysql\data\ibtmp1' size to 12 MB. Physically writing the file full; Please wait ...
2026-07-22  7:08:29 0 [Note] InnoDB: File 'C:\xampp\mysql\data\ibtmp1' size is now 12 MB.
2026-07-22  7:08:29 0 [Note] InnoDB: Waiting for purge to start
2026-07-22  7:08:29 0 [Note] InnoDB: 10.4.32 started; log sequence number 38185800; transaction id 42323
2026-07-22  7:08:29 0 [Note] InnoDB: Loading buffer pool(s) from C:\xampp\mysql\data\ib_buffer_pool
2026-07-22  7:08:29 0 [Note] Plugin 'FEEDBACK' is disabled.
2026-07-22  7:08:29 0 [Note] InnoDB: Buffer pool(s) load completed at 260722  7:08:29
2026-07-22  7:08:29 0 [Note] Server socket created on IP: '::'.
2026-07-25 22:29:34 0 [Note] Starting MariaDB 10.4.32-MariaDB source revision c4143f909528e3fab0677a28631d10389354c491 as process 22940
Cannot find checkpoint record at LSN (1,0x5606)
2026-07-25 22:29:34 0 [ERROR] mysqld.exe: Aria recovery failed. Please run aria_chk -r on all Aria tables and delete all aria_log.######## files
2026-07-25 22:29:34 0 [ERROR] Plugin 'Aria' registration as a STORAGE ENGINE failed.
2026-07-25 22:29:34 0 [Note] InnoDB: Mutexes and rw_locks use Windows interlocked functions
2026-07-25 22:29:34 0 [Note] InnoDB: Uses event mutexes
2026-07-25 22:29:34 0 [Note] InnoDB: Compressed tables use zlib 1.3
2026-07-25 22:29:34 0 [Note] InnoDB: Number of pools: 1
2026-07-25 22:29:34 0 [Note] InnoDB: Using SSE2 crc32 instructions
2026-07-25 22:29:34 0 [Note] InnoDB: Initializing buffer pool, total size = 16M, instances = 1, chunk size = 16M
2026-07-25 22:29:34 0 [Note] InnoDB: Completed initialization of buffer pool
2026-07-25 22:29:34 0 [Note] InnoDB: Starting crash recovery from checkpoint LSN=60794490
2026-07-25 22:29:35 0 [Note] InnoDB: 128 out of 128 rollback segments are active.
2026-07-25 22:29:35 0 [Note] InnoDB: Removed temporary tablespace data file: "ibtmp1"
2026-07-25 22:29:35 0 [Note] InnoDB: Creating shared tablespace for temporary tables
2026-07-25 22:29:35 0 [Note] InnoDB: Setting file 'C:\xampp\mysql\data\ibtmp1' size to 12 MB. Physically writing the file full; Please wait ...
2026-07-25 22:29:35 0 [Note] InnoDB: File 'C:\xampp\mysql\data\ibtmp1' size is now 12 MB.
2026-07-25 22:29:35 0 [Note] InnoDB: Waiting for purge to start
2026-07-25 22:29:35 0 [Note] InnoDB: Waiting for purge to start
2026-07-25 22:29:35 0 [Note] InnoDB: 10.4.32 started; log sequence number 60794499; transaction id 66578
2026-07-25 22:29:35 0 [Note] InnoDB: Loading buffer pool(s) from C:\xampp\mysql\data\ib_buffer_pool
2026-07-25 22:29:35 0 [Note] InnoDB: Buffer pool(s) load completed at 260725 22:29:35
2026-07-25 22:29:35 0 [Note] Plugin 'FEEDBACK' is disabled.
2026-07-25 22:29:35 0 [ERROR] Could not open mysql.plugin table. Some plugins may be not loaded
2026-07-25 22:29:35 0 [ERROR] Failed to initialize plugins.
2026-07-25 22:29:35 0 [ERROR] Aborting
2026-07-25 22:29:41 0 [Note] Starting MariaDB 10.4.32-MariaDB source revision c4143f909528e3fab0677a28631d10389354c491 as process 26084
Cannot find checkpoint record at LSN (1,0x5606)
2026-07-25 22:29:41 0 [ERROR] mysqld.exe: Aria recovery failed. Please run aria_chk -r on all Aria tables and delete all aria_log.######## files
2026-07-25 22:29:41 0 [ERROR] Plugin 'Aria' registration as a STORAGE ENGINE failed.
2026-07-25 22:29:41 0 [Note] InnoDB: Mutexes and rw_locks use Windows interlocked functions
2026-07-25 22:29:41 0 [Note] InnoDB: Uses event mutexes
2026-07-25 22:29:41 0 [Note] InnoDB: Compressed tables use zlib 1.3
2026-07-25 22:29:41 0 [Note] InnoDB: Number of pools: 1
2026-07-25 22:29:41 0 [Note] InnoDB: Using SSE2 crc32 instructions
2026-07-25 22:29:41 0 [Note] InnoDB: Initializing buffer pool, total size = 16M, instances = 1, chunk size = 16M
2026-07-25 22:29:41 0 [Note] InnoDB: Completed initialization of buffer pool
2026-07-25 22:29:41 0 [Note] InnoDB: 128 out of 128 rollback segments are active.
2026-07-25 22:29:41 0 [Note] InnoDB: Creating shared tablespace for temporary tables
2026-07-25 22:29:41 0 [Note] InnoDB: Setting file 'C:\xampp\mysql\data\ibtmp1' size to 12 MB. Physically writing the file full; Please wait ...
2026-07-25 22:29:41 0 [Note] InnoDB: File 'C:\xampp\mysql\data\ibtmp1' size is now 12 MB.
2026-07-25 22:29:41 0 [Note] InnoDB: Waiting for purge to start
2026-07-25 22:29:41 0 [Note] InnoDB: Waiting for purge to start
2026-07-25 22:29:41 0 [Note] InnoDB: 10.4.32 started; log sequence number 60794508; transaction id 66578
2026-07-25 22:29:41 0 [Note] InnoDB: Loading buffer pool(s) from C:\xampp\mysql\data\ib_buffer_pool
2026-07-25 22:29:41 0 [Note] InnoDB: Buffer pool(s) load completed at 260725 22:29:41
2026-07-25 22:29:41 0 [Note] Plugin 'FEEDBACK' is disabled.
2026-07-25 22:29:41 0 [ERROR] Could not open mysql.plugin table. Some plugins may be not loaded
2026-07-25 22:29:41 0 [ERROR] Failed to initialize plugins.
2026-07-25 22:29:41 0 [ERROR] Aborting
2026-07-25 22:29:44 0 [Note] Starting MariaDB 10.4.32-MariaDB source revision c4143f909528e3fab0677a28631d10389354c491 as process 3292
Cannot find checkpoint record at LSN (1,0x5606)
2026-07-25 22:29:44 0 [ERROR] mysqld.exe: Aria recovery failed. Please run aria_chk -r on all Aria tables and delete all aria_log.######## files
2026-07-25 22:29:44 0 [ERROR] Plugin 'Aria' registration as a STORAGE ENGINE failed.
2026-07-25 22:29:44 0 [Note] InnoDB: Mutexes and rw_locks use Windows interlocked functions
2026-07-25 22:29:44 0 [Note] InnoDB: Uses event mutexes
2026-07-25 22:29:44 0 [Note] InnoDB: Compressed tables use zlib 1.3
2026-07-25 22:29:44 0 [Note] InnoDB: Number of pools: 1
2026-07-25 22:29:44 0 [Note] InnoDB: Using SSE2 crc32 instructions
2026-07-25 22:29:44 0 [Note] InnoDB: Initializing buffer pool, total size = 16M, instances = 1, chunk size = 16M
2026-07-25 22:29:44 0 [Note] InnoDB: Completed initialization of buffer pool
2026-07-25 22:29:44 0 [Note] InnoDB: 128 out of 128 rollback segments are active.
2026-07-25 22:29:44 0 [Note] InnoDB: Creating shared tablespace for temporary tables
2026-07-25 22:29:44 0 [Note] InnoDB: Setting file 'C:\xampp\mysql\data\ibtmp1' size to 12 MB. Physically writing the file full; Please wait ...
2026-07-25 22:29:44 0 [Note] InnoDB: File 'C:\xampp\mysql\data\ibtmp1' size is now 12 MB.
2026-07-25 22:29:44 0 [Note] InnoDB: Waiting for purge to start
2026-07-25 22:29:45 0 [Note] InnoDB: 10.4.32 started; log sequence number 60794517; transaction id 66578
2026-07-25 22:29:45 0 [Note] InnoDB: Loading buffer pool(s) from C:\xampp\mysql\data\ib_buffer_pool
2026-07-25 22:29:45 0 [Note] Plugin 'FEEDBACK' is disabled.
2026-07-25 22:29:45 0 [ERROR] Could not open mysql.plugin table. Some plugins may be not loaded
2026-07-25 22:29:45 0 [ERROR] Failed to initialize plugins.
2026-07-25 22:29:45 0 [ERROR] Aborting
2026-07-25 22:29:48 0 [Note] Starting MariaDB 10.4.32-MariaDB source revision c4143f909528e3fab0677a28631d10389354c491 as process 19948
Cannot find checkpoint record at LSN (1,0x5606)
2026-07-25 22:29:48 0 [ERROR] mysqld.exe: Aria recovery failed. Please run aria_chk -r on all Aria tables and delete all aria_log.######## files
2026-07-25 22:29:48 0 [ERROR] Plugin 'Aria' registration as a STORAGE ENGINE failed.
2026-07-25 22:29:48 0 [Note] InnoDB: Mutexes and rw_locks use Windows interlocked functions
2026-07-25 22:29:48 0 [Note] InnoDB: Uses event mutexes
2026-07-25 22:29:48 0 [Note] InnoDB: Compressed tables use zlib 1.3
2026-07-25 22:29:48 0 [Note] InnoDB: Number of pools: 1
2026-07-25 22:29:48 0 [Note] InnoDB: Using SSE2 crc32 instructions
2026-07-25 22:29:48 0 [Note] InnoDB: Initializing buffer pool, total size = 16M, instances = 1, chunk size = 16M
2026-07-25 22:29:48 0 [Note] InnoDB: Completed initialization of buffer pool
2026-07-25 22:29:48 0 [Note] InnoDB: 128 out of 128 rollback segments are active.
2026-07-25 22:29:48 0 [Note] InnoDB: Creating shared tablespace for temporary tables
2026-07-25 22:29:48 0 [Note] InnoDB: Setting file 'C:\xampp\mysql\data\ibtmp1' size to 12 MB. Physically writing the file full; Please wait ...
2026-07-25 22:29:48 0 [Note] InnoDB: File 'C:\xampp\mysql\data\ibtmp1' size is now 12 MB.
2026-07-25 22:29:48 0 [Note] InnoDB: Waiting for purge to start
2026-07-25 22:29:48 0 [Note] InnoDB: 10.4.32 started; log sequence number 60794526; transaction id 66578
2026-07-25 22:29:48 0 [Note] InnoDB: Loading buffer pool(s) from C:\xampp\mysql\data\ib_buffer_pool
2026-07-25 22:29:48 0 [Note] Plugin 'FEEDBACK' is disabled.
2026-07-25 22:29:48 0 [ERROR] Could not open mysql.plugin table. Some plugins may be not loaded
2026-07-25 22:29:48 0 [ERROR] Failed to initialize plugins.
2026-07-25 22:29:48 0 [ERROR] Aborting
2026-07-25 22:29:56 0 [Note] Starting MariaDB 10.4.32-MariaDB source revision c4143f909528e3fab0677a28631d10389354c491 as process 12928
Cannot find checkpoint record at LSN (1,0x5606)
2026-07-25 22:29:56 0 [ERROR] mysqld.exe: Aria recovery failed. Please run aria_chk -r on all Aria tables and delete all aria_log.######## files
2026-07-25 22:29:56 0 [ERROR] Plugin 'Aria' registration as a STORAGE ENGINE failed.
2026-07-25 22:29:56 0 [Note] InnoDB: Mutexes and rw_locks use Windows interlocked functions
2026-07-25 22:29:56 0 [Note] InnoDB: Uses event mutexes
2026-07-25 22:29:56 0 [Note] InnoDB: Compressed tables use zlib 1.3
2026-07-25 22:29:56 0 [Note] InnoDB: Number of pools: 1
2026-07-25 22:29:56 0 [Note] InnoDB: Using SSE2 crc32 instructions
2026-07-25 22:29:56 0 [Note] InnoDB: Initializing buffer pool, total size = 16M, instances = 1, chunk size = 16M
2026-07-25 22:29:56 0 [Note] InnoDB: Completed initialization of buffer pool
2026-07-25 22:29:56 0 [Note] InnoDB: 128 out of 128 rollback segments are active.
2026-07-25 22:29:56 0 [Note] InnoDB: Creating shared tablespace for temporary tables
2026-07-25 22:29:56 0 [Note] InnoDB: Setting file 'C:\xampp\mysql\data\ibtmp1' size to 12 MB. Physically writing the file full; Please wait ...
2026-07-25 22:29:56 0 [Note] InnoDB: File 'C:\xampp\mysql\data\ibtmp1' size is now 12 MB.
2026-07-25 22:29:56 0 [Note] InnoDB: Waiting for purge to start
2026-07-25 22:29:56 0 [Note] InnoDB: 10.4.32 started; log sequence number 60794535; transaction id 66578
2026-07-25 22:29:56 0 [Note] InnoDB: Loading buffer pool(s) from C:\xampp\mysql\data\ib_buffer_pool
2026-07-25 22:29:56 0 [Note] Plugin 'FEEDBACK' is disabled.
2026-07-25 22:29:56 0 [ERROR] Could not open mysql.plugin table. Some plugins may be not loaded
2026-07-25 22:29:56 0 [ERROR] Failed to initialize plugins.
2026-07-25 22:29:56 0 [ERROR] Aborting
2026-07-25 22:30:16 0 [Note] Starting MariaDB 10.4.32-MariaDB source revision c4143f909528e3fab0677a28631d10389354c491 as process 24948
Cannot find checkpoint record at LSN (1,0x5606)
2026-07-25 22:30:16 0 [ERROR] mysqld.exe: Aria recovery failed. Please run aria_chk -r on all Aria tables and delete all aria_log.######## files
2026-07-25 22:30:16 0 [ERROR] Plugin 'Aria' registration as a STORAGE ENGINE failed.
2026-07-25 22:30:16 0 [Note] InnoDB: Mutexes and rw_locks use Windows interlocked functions
2026-07-25 22:30:16 0 [Note] InnoDB: Uses event mutexes
2026-07-25 22:30:16 0 [Note] InnoDB: Compressed tables use zlib 1.3
2026-07-25 22:30:16 0 [Note] InnoDB: Number of pools: 1
2026-07-25 22:30:16 0 [Note] InnoDB: Using SSE2 crc32 instructions
2026-07-25 22:30:16 0 [Note] InnoDB: Initializing buffer pool, total size = 16M, instances = 1, chunk size = 16M
2026-07-25 22:30:16 0 [Note] InnoDB: Completed initialization of buffer pool
2026-07-25 22:30:16 0 [Note] InnoDB: 128 out of 128 rollback segments are active.
2026-07-25 22:30:16 0 [Note] InnoDB: Creating shared tablespace for temporary tables
2026-07-25 22:30:16 0 [Note] InnoDB: Setting file 'C:\xampp\mysql\data\ibtmp1' size to 12 MB. Physically writing the file full; Please wait ...
2026-07-25 22:30:16 0 [Note] InnoDB: File 'C:\xampp\mysql\data\ibtmp1' size is now 12 MB.
2026-07-25 22:30:16 0 [Note] InnoDB: Waiting for purge to start
2026-07-25 22:30:17 0 [Note] InnoDB: 10.4.32 started; log sequence number 60794544; transaction id 66578
2026-07-25 22:30:17 0 [Note] InnoDB: Loading buffer pool(s) from C:\xampp\mysql\data\ib_buffer_pool
2026-07-25 22:30:17 0 [Note] Plugin 'FEEDBACK' is disabled.
2026-07-25 22:30:17 0 [ERROR] Could not open mysql.plugin table. Some plugins may be not loaded
2026-07-25 22:30:17 0 [ERROR] Failed to initialize plugins.
2026-07-25 22:30:17 0 [ERROR] Aborting
2026-07-25 22:36:05 0 [Note] Starting MariaDB 10.4.32-MariaDB source revision c4143f909528e3fab0677a28631d10389354c491 as process 4540
2026-07-25 22:36:05 0 [Note] InnoDB: Mutexes and rw_locks use Windows interlocked functions
2026-07-25 22:36:05 0 [Note] InnoDB: Uses event mutexes
2026-07-25 22:36:05 0 [Note] InnoDB: Compressed tables use zlib 1.3
2026-07-25 22:36:05 0 [Note] InnoDB: Number of pools: 1
2026-07-25 22:36:05 0 [Note] InnoDB: Using SSE2 crc32 instructions
2026-07-25 22:36:05 0 [Note] InnoDB: Initializing buffer pool, total size = 16M, instances = 1, chunk size = 16M
2026-07-25 22:36:05 0 [Note] InnoDB: Completed initialization of buffer pool
2026-07-25 22:36:05 0 [Note] InnoDB: 128 out of 128 rollback segments are active.
2026-07-25 22:36:05 0 [Note] InnoDB: Creating shared tablespace for temporary tables
2026-07-25 22:36:05 0 [Note] InnoDB: Setting file 'C:\xampp\mysql\data\ibtmp1' size to 12 MB. Physically writing the file full; Please wait ...
2026-07-25 22:36:05 0 [Note] InnoDB: File 'C:\xampp\mysql\data\ibtmp1' size is now 12 MB.
2026-07-25 22:36:05 0 [Note] InnoDB: Waiting for purge to start
2026-07-25 22:36:05 0 [Note] InnoDB: 10.4.32 started; log sequence number 60794553; transaction id 66578
2026-07-25 22:36:05 0 [Note] InnoDB: Loading buffer pool(s) from C:\xampp\mysql\data\ib_buffer_pool
2026-07-25 22:36:05 0 [Note] Plugin 'FEEDBACK' is disabled.
2026-07-25 22:36:05 0 [Note] InnoDB: Buffer pool(s) load completed at 260725 22:36:05
2026-07-25 22:36:05 0 [Note] Zerofilling moved table:  '.\mysql\plugin'
2026-07-25 22:36:05 0 [Note] Zerofilling moved table:  '.\mysql\servers'
2026-07-25 22:36:05 0 [Note] Server socket created on IP: '::'.
2026-07-26  7:50:08 0 [Note] Starting MariaDB 10.4.32-MariaDB source revision c4143f909528e3fab0677a28631d10389354c491 as process 25448
2026-07-26  7:50:08 0 [Note] InnoDB: Mutexes and rw_locks use Windows interlocked functions
2026-07-26  7:50:08 0 [Note] InnoDB: Uses event mutexes
2026-07-26  7:50:08 0 [Note] InnoDB: Compressed tables use zlib 1.3
2026-07-26  7:50:08 0 [Note] InnoDB: Number of pools: 1
2026-07-26  7:50:08 0 [Note] InnoDB: Using SSE2 crc32 instructions
2026-07-26  7:50:08 0 [Note] InnoDB: Initializing buffer pool, total size = 16M, instances = 1, chunk size = 16M
2026-07-26  7:50:08 0 [Note] InnoDB: Completed initialization of buffer pool
2026-07-26  7:50:08 0 [Note] InnoDB: Starting crash recovery from checkpoint LSN=60816867
2026-07-26  7:50:09 0 [Note] InnoDB: 128 out of 128 rollback segments are active.
2026-07-26  7:50:09 0 [Note] InnoDB: Removed temporary tablespace data file: "ibtmp1"
2026-07-26  7:50:09 0 [Note] InnoDB: Creating shared tablespace for temporary tables
2026-07-26  7:50:09 0 [Note] InnoDB: Setting file 'C:\xampp\mysql\data\ibtmp1' size to 12 MB. Physically writing the file full; Please wait ...
2026-07-26  7:50:09 0 [Note] InnoDB: File 'C:\xampp\mysql\data\ibtmp1' size is now 12 MB.
2026-07-26  7:50:09 0 [Note] InnoDB: Waiting for purge to start
2026-07-26  7:50:09 0 [Note] InnoDB: 10.4.32 started; log sequence number 60816876; transaction id 66658
2026-07-26  7:50:09 0 [Note] InnoDB: Loading buffer pool(s) from C:\xampp\mysql\data\ib_buffer_pool
2026-07-26  7:50:09 0 [Note] Plugin 'FEEDBACK' is disabled.
2026-07-26  7:50:09 0 [Note] InnoDB: Buffer pool(s) load completed at 260726  7:50:09
2026-07-26  7:50:09 0 [Note] Server socket created on IP: '::'.
2026-07-27  9:03:27 0 [Note] Starting MariaDB 10.4.32-MariaDB source revision c4143f909528e3fab0677a28631d10389354c491 as process 28060
2026-07-27  9:03:27 0 [Note] InnoDB: Mutexes and rw_locks use Windows interlocked functions
2026-07-27  9:03:27 0 [Note] InnoDB: Uses event mutexes
2026-07-27  9:03:27 0 [Note] InnoDB: Compressed tables use zlib 1.3
2026-07-27  9:03:27 0 [Note] InnoDB: Number of pools: 1
2026-07-27  9:03:27 0 [Note] InnoDB: Using SSE2 crc32 instructions
2026-07-27  9:03:27 0 [Note] InnoDB: Initializing buffer pool, total size = 16M, instances = 1, chunk size = 16M
2026-07-27  9:03:27 0 [Note] InnoDB: Completed initialization of buffer pool
2026-07-27  9:03:27 0 [Note] InnoDB: Starting crash recovery from checkpoint LSN=63322135
2026-07-27  9:03:28 0 [Note] InnoDB: 128 out of 128 rollback segments are active.
2026-07-27  9:03:28 0 [Note] InnoDB: Removed temporary tablespace data file: "ibtmp1"
2026-07-27  9:03:28 0 [Note] InnoDB: Creating shared tablespace for temporary tables
2026-07-27  9:03:28 0 [Note] InnoDB: Setting file 'C:\xampp\mysql\data\ibtmp1' size to 12 MB. Physically writing the file full; Please wait ...
2026-07-27  9:03:28 0 [Note] InnoDB: File 'C:\xampp\mysql\data\ibtmp1' size is now 12 MB.
2026-07-27  9:03:28 0 [Note] InnoDB: Waiting for purge to start
2026-07-27  9:03:28 0 [Note] InnoDB: 10.4.32 started; log sequence number 63322144; transaction id 69291
2026-07-27  9:03:28 0 [Note] InnoDB: Loading buffer pool(s) from C:\xampp\mysql\data\ib_buffer_pool
2026-07-27  9:03:28 0 [Note] Plugin 'FEEDBACK' is disabled.
2026-07-27  9:03:28 0 [Note] InnoDB: Buffer pool(s) load completed at 260727  9:03:28
2026-07-27  9:03:29 0 [Note] Server socket created on IP: '::'.
2026-07-27 15:40:02 0 [Note] Starting MariaDB 10.4.32-MariaDB source revision c4143f909528e3fab0677a28631d10389354c491 as process 28476
2026-07-27 15:40:02 0 [Note] InnoDB: Mutexes and rw_locks use Windows interlocked functions
2026-07-27 15:40:02 0 [Note] InnoDB: Uses event mutexes
2026-07-27 15:40:02 0 [Note] InnoDB: Compressed tables use zlib 1.3
2026-07-27 15:40:02 0 [Note] InnoDB: Number of pools: 1
2026-07-27 15:40:02 0 [Note] InnoDB: Using SSE2 crc32 instructions
2026-07-27 15:40:02 0 [Note] InnoDB: Initializing buffer pool, total size = 16M, instances = 1, chunk size = 16M
2026-07-27 15:40:02 0 [Note] InnoDB: Completed initialization of buffer pool
2026-07-27 15:40:02 0 [Note] InnoDB: Starting crash recovery from checkpoint LSN=64408509
2026-07-27 15:40:03 0 [Note] InnoDB: 128 out of 128 rollback segments are active.
2026-07-27 15:40:03 0 [Note] InnoDB: Removed temporary tablespace data file: "ibtmp1"
2026-07-27 15:40:03 0 [Note] InnoDB: Creating shared tablespace for temporary tables
2026-07-27 15:40:03 0 [Note] InnoDB: Setting file 'C:\xampp\mysql\data\ibtmp1' size to 12 MB. Physically writing the file full; Please wait ...
2026-07-27 15:40:03 0 [Note] InnoDB: File 'C:\xampp\mysql\data\ibtmp1' size is now 12 MB.
2026-07-27 15:40:03 0 [Note] InnoDB: Waiting for purge to start
2026-07-27 15:40:03 0 [Note] InnoDB: 10.4.32 started; log sequence number 64408518; transaction id 72890
2026-07-27 15:40:03 0 [Note] InnoDB: Loading buffer pool(s) from C:\xampp\mysql\data\ib_buffer_pool
2026-07-27 15:40:03 0 [Note] Plugin 'FEEDBACK' is disabled.
2026-07-27 15:40:03 0 [Note] InnoDB: Buffer pool(s) load completed at 260727 15:40:03
2026-07-27 15:40:03 0 [Note] Server socket created on IP: '::'.
2026-07-28 14:06:14 0 [Note] Starting MariaDB 10.4.32-MariaDB source revision c4143f909528e3fab0677a28631d10389354c491 as process 27956
2026-07-28 14:06:14 0 [Note] InnoDB: Mutexes and rw_locks use Windows interlocked functions
2026-07-28 14:06:14 0 [Note] InnoDB: Uses event mutexes
2026-07-28 14:06:14 0 [Note] InnoDB: Compressed tables use zlib 1.3
2026-07-28 14:06:14 0 [Note] InnoDB: Number of pools: 1
2026-07-28 14:06:14 0 [Note] InnoDB: Using SSE2 crc32 instructions
2026-07-28 14:06:14 0 [Note] InnoDB: Initializing buffer pool, total size = 16M, instances = 1, chunk size = 16M
2026-07-28 14:06:14 0 [Note] InnoDB: Completed initialization of buffer pool
2026-07-28 14:06:14 0 [Note] InnoDB: Starting crash recovery from checkpoint LSN=64548459
2026-07-28 14:06:15 0 [Note] InnoDB: 128 out of 128 rollback segments are active.
2026-07-28 14:06:15 0 [Note] InnoDB: Removed temporary tablespace data file: "ibtmp1"
2026-07-28 14:06:15 0 [Note] InnoDB: Creating shared tablespace for temporary tables
2026-07-28 14:06:15 0 [Note] InnoDB: Setting file 'C:\xampp\mysql\data\ibtmp1' size to 12 MB. Physically writing the file full; Please wait ...
2026-07-28 14:06:15 0 [Note] InnoDB: File 'C:\xampp\mysql\data\ibtmp1' size is now 12 MB.
2026-07-28 14:06:15 0 [Note] InnoDB: Waiting for purge to start
2026-07-28 14:06:15 0 [Note] InnoDB: 10.4.32 started; log sequence number 64548468; transaction id 73136
2026-07-28 14:06:15 0 [Note] InnoDB: Loading buffer pool(s) from C:\xampp\mysql\data\ib_buffer_pool
2026-07-28 14:06:15 0 [Note] Plugin 'FEEDBACK' is disabled.
2026-07-28 14:06:15 0 [Note] InnoDB: Buffer pool(s) load completed at 260728 14:06:15
2026-07-28 14:06:15 0 [Note] Server socket created on IP: '::'.
2026-07-29 14:42:30 0 [Note] Starting MariaDB 10.4.32-MariaDB source revision c4143f909528e3fab0677a28631d10389354c491 as process 21692
2026-07-29 14:42:30 0 [Note] InnoDB: Mutexes and rw_locks use Windows interlocked functions
2026-07-29 14:42:30 0 [Note] InnoDB: Uses event mutexes
2026-07-29 14:42:30 0 [Note] InnoDB: Compressed tables use zlib 1.3
2026-07-29 14:42:30 0 [Note] InnoDB: Number of pools: 1
2026-07-29 14:42:30 0 [Note] InnoDB: Using SSE2 crc32 instructions
2026-07-29 14:42:30 0 [Note] InnoDB: Initializing buffer pool, total size = 16M, instances = 1, chunk size = 16M
2026-07-29 14:42:30 0 [Note] InnoDB: Completed initialization of buffer pool
2026-07-29 14:42:30 0 [Note] InnoDB: Starting crash recovery from checkpoint LSN=69223964
2026-07-29 14:42:32 0 [Note] InnoDB: 128 out of 128 rollback segments are active.
2026-07-29 14:42:32 0 [Note] InnoDB: Removed temporary tablespace data file: "ibtmp1"
2026-07-29 14:42:32 0 [Note] InnoDB: Creating shared tablespace for temporary tables
2026-07-29 14:42:32 0 [Note] InnoDB: Setting file 'C:\xampp\mysql\data\ibtmp1' size to 12 MB. Physically writing the file full; Please wait ...
2026-07-29 14:42:32 0 [Note] InnoDB: File 'C:\xampp\mysql\data\ibtmp1' size is now 12 MB.
2026-07-29 14:42:32 0 [Note] InnoDB: Waiting for purge to start
2026-07-29 14:42:32 0 [Note] InnoDB: 10.4.32 started; log sequence number 69223973; transaction id 75678
2026-07-29 14:42:32 0 [Note] InnoDB: Loading buffer pool(s) from C:\xampp\mysql\data\ib_buffer_pool
2026-07-29 14:42:32 0 [Note] Plugin 'FEEDBACK' is disabled.
2026-07-29 14:42:32 0 [Note] InnoDB: Buffer pool(s) load completed at 260729 14:42:32
2026-07-29 14:42:32 0 [Note] Server socket created on IP: '::'.
2026-07-29 20:55:25 0 [Note] Starting MariaDB 10.4.32-MariaDB source revision c4143f909528e3fab0677a28631d10389354c491 as process 8868
2026-07-29 20:55:26 0 [Note] InnoDB: Mutexes and rw_locks use Windows interlocked functions
2026-07-29 20:55:26 0 [Note] InnoDB: Uses event mutexes
2026-07-29 20:55:26 0 [Note] InnoDB: Compressed tables use zlib 1.3
2026-07-29 20:55:26 0 [Note] InnoDB: Number of pools: 1
2026-07-29 20:55:26 0 [Note] InnoDB: Using SSE2 crc32 instructions
2026-07-29 20:55:26 0 [Note] InnoDB: Initializing buffer pool, total size = 16M, instances = 1, chunk size = 16M
2026-07-29 20:55:26 0 [Note] InnoDB: Completed initialization of buffer pool
2026-07-29 20:55:26 0 [Note] InnoDB: Starting crash recovery from checkpoint LSN=74205733
2026-07-29 20:55:27 0 [Note] InnoDB: 128 out of 128 rollback segments are active.
2026-07-29 20:55:27 0 [Note] InnoDB: Removed temporary tablespace data file: "ibtmp1"
2026-07-29 20:55:27 0 [Note] InnoDB: Creating shared tablespace for temporary tables
2026-07-29 20:55:27 0 [Note] InnoDB: Setting file 'C:\xampp\mysql\data\ibtmp1' size to 12 MB. Physically writing the file full; Please wait ...
2026-07-29 20:55:27 0 [Note] InnoDB: File 'C:\xampp\mysql\data\ibtmp1' size is now 12 MB.
2026-07-29 20:55:27 0 [Note] InnoDB: Waiting for purge to start
2026-07-29 20:55:27 0 [Note] InnoDB: 10.4.32 started; log sequence number 74205742; transaction id 78468
2026-07-29 20:55:27 0 [Note] InnoDB: Loading buffer pool(s) from C:\xampp\mysql\data\ib_buffer_pool
2026-07-29 20:55:27 0 [Note] Plugin 'FEEDBACK' is disabled.
2026-07-29 20:55:27 0 [Note] InnoDB: Buffer pool(s) load completed at 260729 20:55:27
2026-07-29 20:55:27 0 [Note] Server socket created on IP: '::'.
2026-07-30  8:54:00 0 [Note] Starting MariaDB 10.4.32-MariaDB source revision c4143f909528e3fab0677a28631d10389354c491 as process 21208
2026-07-30  8:54:00 0 [Note] InnoDB: Mutexes and rw_locks use Windows interlocked functions
2026-07-30  8:54:00 0 [Note] InnoDB: Uses event mutexes
2026-07-30  8:54:00 0 [Note] InnoDB: Compressed tables use zlib 1.3
2026-07-30  8:54:00 0 [Note] InnoDB: Number of pools: 1
2026-07-30  8:54:00 0 [Note] InnoDB: Using SSE2 crc32 instructions
2026-07-30  8:54:00 0 [Note] InnoDB: Initializing buffer pool, total size = 16M, instances = 1, chunk size = 16M
2026-07-30  8:54:00 0 [Note] InnoDB: Completed initialization of buffer pool
2026-07-30  8:54:00 0 [Note] InnoDB: Starting crash recovery from checkpoint LSN=74524552
2026-07-30  8:54:00 0 [Note] InnoDB: 128 out of 128 rollback segments are active.
2026-07-30  8:54:00 0 [Note] InnoDB: Removed temporary tablespace data file: "ibtmp1"
2026-07-30  8:54:00 0 [Note] InnoDB: Creating shared tablespace for temporary tables
2026-07-30  8:54:00 0 [Note] InnoDB: Setting file 'C:\xampp\mysql\data\ibtmp1' size to 12 MB. Physically writing the file full; Please wait ...
2026-07-30  8:54:00 0 [Note] InnoDB: File 'C:\xampp\mysql\data\ibtmp1' size is now 12 MB.
2026-07-30  8:54:00 0 [Note] InnoDB: Waiting for purge to start
2026-07-30  8:54:00 0 [Note] InnoDB: 10.4.32 started; log sequence number 74524561; transaction id 78661
2026-07-30  8:54:00 0 [Note] InnoDB: Loading buffer pool(s) from C:\xampp\mysql\data\ib_buffer_pool
2026-07-30  8:54:00 0 [Note] Plugin 'FEEDBACK' is disabled.
2026-07-30  8:54:00 0 [Note] InnoDB: Buffer pool(s) load completed at 260730  8:54:00
2026-07-30  8:54:00 0 [Note] Server socket created on IP: '::'.
2026-07-30 14:53:08 0 [Note] Starting MariaDB 10.4.32-MariaDB source revision c4143f909528e3fab0677a28631d10389354c491 as process 5820
2026-07-30 14:53:09 0 [Note] InnoDB: Mutexes and rw_locks use Windows interlocked functions
2026-07-30 14:53:09 0 [Note] InnoDB: Uses event mutexes
2026-07-30 14:53:09 0 [Note] InnoDB: Compressed tables use zlib 1.3
2026-07-30 14:53:09 0 [Note] InnoDB: Number of pools: 1
2026-07-30 14:53:09 0 [Note] InnoDB: Using SSE2 crc32 instructions
2026-07-30 14:53:09 0 [Note] InnoDB: Initializing buffer pool, total size = 16M, instances = 1, chunk size = 16M
2026-07-30 14:53:09 0 [Note] InnoDB: Completed initialization of buffer pool
2026-07-30 14:53:09 0 [Note] InnoDB: Starting crash recovery from checkpoint LSN=74685712
2026-07-30 14:53:09 0 [Note] InnoDB: 128 out of 128 rollback segments are active.
2026-07-30 14:53:09 0 [Note] InnoDB: Removed temporary tablespace data file: "ibtmp1"
2026-07-30 14:53:09 0 [Note] InnoDB: Creating shared tablespace for temporary tables
2026-07-30 14:53:09 0 [Note] InnoDB: Setting file 'C:\xampp\mysql\data\ibtmp1' size to 12 MB. Physically writing the file full; Please wait ...
2026-07-30 14:53:09 0 [Note] InnoDB: File 'C:\xampp\mysql\data\ibtmp1' size is now 12 MB.
2026-07-30 14:53:09 0 [Note] InnoDB: Waiting for purge to start
2026-07-30 14:53:09 0 [Note] InnoDB: 10.4.32 started; log sequence number 74685721; transaction id 78747
2026-07-30 14:53:09 0 [Note] InnoDB: Loading buffer pool(s) from C:\xampp\mysql\data\ib_buffer_pool
2026-07-30 14:53:09 0 [Note] Plugin 'FEEDBACK' is disabled.
2026-07-30 14:53:09 0 [Note] InnoDB: Buffer pool(s) load completed at 260730 14:53:09
2026-07-30 14:53:09 0 [Note] Server socket created on IP: '::'.
2026-07-31 12:43:14 0 [Note] Starting MariaDB 10.4.32-MariaDB source revision c4143f909528e3fab0677a28631d10389354c491 as process 1140
2026-07-31 12:43:14 0 [Note] InnoDB: Mutexes and rw_locks use Windows interlocked functions
2026-07-31 12:43:14 0 [Note] InnoDB: Uses event mutexes
2026-07-31 12:43:14 0 [Note] InnoDB: Compressed tables use zlib 1.3
2026-07-31 12:43:14 0 [Note] InnoDB: Number of pools: 1
2026-07-31 12:43:14 0 [Note] InnoDB: Using SSE2 crc32 instructions
2026-07-31 12:43:14 0 [Note] InnoDB: Initializing buffer pool, total size = 16M, instances = 1, chunk size = 16M
2026-07-31 12:43:14 0 [Note] InnoDB: Completed initialization of buffer pool
2026-07-31 12:43:14 0 [Note] InnoDB: Starting crash recovery from checkpoint LSN=77615945
2026-07-31 12:43:15 0 [Note] InnoDB: 128 out of 128 rollback segments are active.
2026-07-31 12:43:15 0 [Note] InnoDB: Removed temporary tablespace data file: "ibtmp1"
2026-07-31 12:43:15 0 [Note] InnoDB: Creating shared tablespace for temporary tables
2026-07-31 12:43:15 0 [Note] InnoDB: Setting file 'C:\xampp\mysql\data\ibtmp1' size to 12 MB. Physically writing the file full; Please wait ...
2026-07-31 12:43:15 0 [Note] InnoDB: File 'C:\xampp\mysql\data\ibtmp1' size is now 12 MB.
2026-07-31 12:43:15 0 [Note] InnoDB: Waiting for purge to start
2026-07-31 12:43:15 0 [Note] InnoDB: 10.4.32 started; log sequence number 77615954; transaction id 80687
2026-07-31 12:43:15 0 [Note] InnoDB: Loading buffer pool(s) from C:\xampp\mysql\data\ib_buffer_pool
2026-07-31 12:43:15 0 [Note] Plugin 'FEEDBACK' is disabled.
2026-07-31 12:43:15 0 [Note] InnoDB: Buffer pool(s) load completed at 260731 12:43:15
2026-07-31 12:43:15 0 [Note] Server socket created on IP: '::'.
2026-07-31 12:43:18 0 [Note] Starting MariaDB 10.4.32-MariaDB source revision c4143f909528e3fab0677a28631d10389354c491 as process 14384
2026-07-31 12:43:18 0 [Note] InnoDB: Mutexes and rw_locks use Windows interlocked functions
2026-07-31 12:43:18 0 [Note] InnoDB: Uses event mutexes
2026-07-31 12:43:18 0 [Note] InnoDB: Compressed tables use zlib 1.3
2026-07-31 12:43:18 0 [Note] InnoDB: Number of pools: 1
2026-07-31 12:43:18 0 [Note] InnoDB: Using SSE2 crc32 instructions
2026-07-31 12:43:18 0 [Note] InnoDB: Initializing buffer pool, total size = 16M, instances = 1, chunk size = 16M
2026-07-31 12:43:18 0 [Note] InnoDB: Completed initialization of buffer pool
2026-07-31 12:43:18 0 [Note] InnoDB: Starting crash recovery from checkpoint LSN=77615945
2026-07-31 12:43:19 0 [Note] InnoDB: 128 out of 128 rollback segments are active.
2026-07-31 12:43:19 0 [Note] InnoDB: Removed temporary tablespace data file: "ibtmp1"
2026-07-31 12:43:19 0 [Note] InnoDB: Creating shared tablespace for temporary tables
2026-07-31 12:43:19 0 [Note] InnoDB: Setting file 'C:\xampp\mysql\data\ibtmp1' size to 12 MB. Physically writing the file full; Please wait ...
2026-07-31 12:43:19 0 [Note] InnoDB: File 'C:\xampp\mysql\data\ibtmp1' size is now 12 MB.
2026-07-31 12:43:19 0 [Note] InnoDB: Waiting for purge to start
2026-07-31 12:43:19 0 [Note] InnoDB: 10.4.32 started; log sequence number 77615954; transaction id 80687
2026-07-31 12:43:19 0 [Note] InnoDB: Loading buffer pool(s) from C:\xampp\mysql\data\ib_buffer_pool
2026-07-31 12:43:19 0 [Note] Plugin 'FEEDBACK' is disabled.
2026-07-31 12:43:19 0 [Note] Server socket created on IP: '::'.
2026-07-31 13:08:04 0 [Note] Starting MariaDB 10.4.32-MariaDB source revision c4143f909528e3fab0677a28631d10389354c491 as process 13356
2026-07-31 13:08:04 0 [Note] InnoDB: Mutexes and rw_locks use Windows interlocked functions
2026-07-31 13:08:04 0 [Note] InnoDB: Uses event mutexes
2026-07-31 13:08:04 0 [Note] InnoDB: Compressed tables use zlib 1.3
2026-07-31 13:08:04 0 [Note] InnoDB: Number of pools: 1
2026-07-31 13:08:04 0 [Note] InnoDB: Using SSE2 crc32 instructions
2026-07-31 13:08:04 0 [Note] InnoDB: Initializing buffer pool, total size = 16M, instances = 1, chunk size = 16M
2026-07-31 13:08:04 0 [Note] InnoDB: Completed initialization of buffer pool
2026-07-31 13:08:04 0 [Note] InnoDB: Starting crash recovery from checkpoint LSN=77615945
2026-07-31 13:08:04 0 [Warning] InnoDB: Ignoring a doublewrite copy of page [page id: space=0, page number=263] with future log sequence number 77619866
2026-07-31 13:08:04 0 [Warning] InnoDB: Ignoring a doublewrite copy of page [page id: space=0, page number=315] with future log sequence number 77619866
2026-07-31 13:08:04 0 [Warning] InnoDB: Ignoring a doublewrite copy of page [page id: space=0, page number=322] with future log sequence number 77619866
2026-07-31 13:08:04 0 [Warning] InnoDB: Ignoring a doublewrite copy of page [page id: space=0, page number=209] with future log sequence number 77624300
2026-07-31 13:08:04 0 [Warning] InnoDB: Ignoring a doublewrite copy of page [page id: space=0, page number=454] with future log sequence number 77624300
2026-07-31 13:08:04 0 [Warning] InnoDB: Ignoring a doublewrite copy of page [page id: space=0, page number=208] with future log sequence number 77624256
2026-07-31 13:08:04 0 [Warning] InnoDB: Ignoring a doublewrite copy of page [page id: space=0, page number=341] with future log sequence number 77624256
2026-07-31 13:08:04 0 [Warning] InnoDB: Ignoring a doublewrite copy of page [page id: space=0, page number=207] with future log sequence number 77624212
2026-07-31 13:08:04 0 [Warning] InnoDB: Ignoring a doublewrite copy of page [page id: space=0, page number=441] with future log sequence number 77624212
2026-07-31 13:08:04 0 [Warning] InnoDB: Ignoring a doublewrite copy of page [page id: space=0, page number=206] with future log sequence number 77624168
2026-07-31 13:08:04 0 [Warning] InnoDB: Ignoring a doublewrite copy of page [page id: space=0, page number=445] with future log sequence number 77624168
2026-07-31 13:08:04 0 [Warning] InnoDB: Ignoring a doublewrite copy of page [page id: space=0, page number=205] with future log sequence number 77624124
2026-07-31 13:08:04 0 [Warning] InnoDB: Ignoring a doublewrite copy of page [page id: space=0, page number=472] with future log sequence number 77624124
2026-07-31 13:08:04 0 [Warning] InnoDB: Ignoring a doublewrite copy of page [page id: space=0, page number=204] with future log sequence number 77624080
2026-07-31 13:08:04 0 [Warning] InnoDB: Ignoring a doublewrite copy of page [page id: space=0, page number=417] with future log sequence number 77624080
2026-07-31 13:08:04 0 [Warning] InnoDB: Ignoring a doublewrite copy of page [page id: space=0, page number=203] with future log sequence number 77624036
2026-07-31 13:08:04 0 [Warning] InnoDB: Ignoring a doublewrite copy of page [page id: space=0, page number=459] with future log sequence number 77624036
2026-07-31 13:08:04 0 [Warning] InnoDB: Ignoring a doublewrite copy of page [page id: space=0, page number=202] with future log sequence number 77623992
2026-07-31 13:08:04 0 [Warning] InnoDB: Ignoring a doublewrite copy of page [page id: space=0, page number=370] with future log sequence number 77623992
2026-07-31 13:08:04 0 [Warning] InnoDB: Ignoring a doublewrite copy of page [page id: space=0, page number=201] with future log sequence number 77623948
2026-07-31 13:08:04 0 [Warning] InnoDB: Ignoring a doublewrite copy of page [page id: space=0, page number=444] with future log sequence number 77623948
2026-07-31 13:08:04 0 [Warning] InnoDB: Ignoring a doublewrite copy of page [page id: space=0, page number=200] with future log sequence number 77623904
2026-07-31 13:08:04 0 [Warning] InnoDB: Ignoring a doublewrite copy of page [page id: space=0, page number=457] with future log sequence number 77623904
2026-07-31 13:08:04 0 [Warning] InnoDB: Ignoring a doublewrite copy of page [page id: space=0, page number=199] with future log sequence number 77623860
2026-07-31 13:08:04 0 [Warning] InnoDB: Ignoring a doublewrite copy of page [page id: space=0, page number=499] with future log sequence number 77623860
2026-07-31 13:08:04 0 [Warning] InnoDB: Ignoring a doublewrite copy of page [page id: space=0, page number=198] with future log sequence number 77623800
2026-07-31 13:08:04 0 [Warning] InnoDB: Ignoring a doublewrite copy of page [page id: space=0, page number=358] with future log sequence number 77623800
2026-07-31 13:08:04 0 [Warning] InnoDB: Ignoring a doublewrite copy of page [page id: space=0, page number=197] with future log sequence number 77623756
2026-07-31 13:08:04 0 [Warning] InnoDB: Ignoring a doublewrite copy of page [page id: space=0, page number=443] with future log sequence number 77623756
2026-07-31 13:08:04 0 [Warning] InnoDB: Ignoring a doublewrite copy of page [page id: space=0, page number=215] with future log sequence number 77625566
2026-07-31 13:08:04 0 [Warning] InnoDB: Ignoring a doublewrite copy of page [page id: space=1689, page number=3] with future log sequence number 77625587
2026-07-31 13:08:04 0 [Warning] InnoDB: Ignoring a doublewrite copy of page [page id: space=0, page number=301] with future log sequence number 77625566
2026-07-31 13:08:04 0 [ERROR] InnoDB: Page [page id: space=0, page number=48] log sequence number 77619152 is in the future! Current system log sequence number 77615963.
2026-07-31 13:08:04 0 [ERROR] InnoDB: Your database may be corrupt or you may have copied the InnoDB tablespace but not the InnoDB log files. Please refer to https://mariadb.com/kb/en/library/innodb-recovery-modes/ for information about forcing recovery.
2026-07-31 13:08:04 0 [ERROR] InnoDB: Page [page id: space=0, page number=453] log sequence number 77619152 is in the future! Current system log sequence number 77615963.
2026-07-31 13:08:04 0 [ERROR] InnoDB: Your database may be corrupt or you may have copied the InnoDB tablespace but not the InnoDB log files. Please refer to https://mariadb.com/kb/en/library/innodb-recovery-modes/ for information about forcing recovery.
2026-07-31 13:08:04 0 [ERROR] InnoDB: Page [page id: space=0, page number=49] log sequence number 77619191 is in the future! Current system log sequence number 77615963.
2026-07-31 13:08:04 0 [ERROR] InnoDB: Your database may be corrupt or you may have copied the InnoDB tablespace but not the InnoDB log files. Please refer to https://mariadb.com/kb/en/library/innodb-recovery-modes/ for information about forcing recovery.
2026-07-31 13:08:04 0 [ERROR] InnoDB: Page [page id: space=0, page number=479] log sequence number 77619191 is in the future! Current system log sequence number 77615963.
2026-07-31 13:08:04 0 [ERROR] InnoDB: Your database may be corrupt or you may have copied the InnoDB tablespace but not the InnoDB log files. Please refer to https://mariadb.com/kb/en/library/innodb-recovery-modes/ for information about forcing recovery.
2026-07-31 13:08:04 0 [ERROR] InnoDB: Page [page id: space=0, page number=59] log sequence number 77619246 is in the future! Current system log sequence number 77615963.
2026-07-31 13:08:04 0 [ERROR] InnoDB: Your database may be corrupt or you may have copied the InnoDB tablespace but not the InnoDB log files. Please refer to https://mariadb.com/kb/en/library/innodb-recovery-modes/ for information about forcing recovery.
2026-07-31 13:08:04 0 [ERROR] InnoDB: Page [page id: space=0, page number=318] log sequence number 77619246 is in the future! Current system log sequence number 77615963.
2026-07-31 13:08:04 0 [ERROR] InnoDB: Your database may be corrupt or you may have copied the InnoDB tablespace but not the InnoDB log files. Please refer to https://mariadb.com/kb/en/library/innodb-recovery-modes/ for information about forcing recovery.
2026-07-31 13:08:04 0 [ERROR] InnoDB: Page [page id: space=0, page number=61] log sequence number 77619285 is in the future! Current system log sequence number 77615963.
2026-07-31 13:08:04 0 [ERROR] InnoDB: Your database may be corrupt or you may have copied the InnoDB tablespace but not the InnoDB log files. Please refer to https://mariadb.com/kb/en/library/innodb-recovery-modes/ for information about forcing recovery.
2026-07-31 13:08:04 0 [ERROR] InnoDB: Page [page id: space=0, page number=363] log sequence number 77619285 is in the future! Current system log sequence number 77615963.
2026-07-31 13:08:04 0 [ERROR] InnoDB: Your database may be corrupt or you may have copied the InnoDB tablespace but not the InnoDB log files. Please refer to https://mariadb.com/kb/en/library/innodb-recovery-modes/ for information about forcing recovery.
2026-07-31 13:08:04 0 [ERROR] InnoDB: Page [page id: space=0, page number=62] log sequence number 77619324 is in the future! Current system log sequence number 77615963.
2026-07-31 13:08:04 0 [ERROR] InnoDB: Your database may be corrupt or you may have copied the InnoDB tablespace but not the InnoDB log files. Please refer to https://mariadb.com/kb/en/library/innodb-recovery-modes/ for information about forcing recovery.
2026-07-31 13:08:04 0 [ERROR] InnoDB: Page [page id: space=0, page number=349] log sequence number 77619324 is in the future! Current system log sequence number 77615963.
2026-07-31 13:08:04 0 [ERROR] InnoDB: Your database may be corrupt or you may have copied the InnoDB tablespace but not the InnoDB log files. Please refer to https://mariadb.com/kb/en/library/innodb-recovery-modes/ for information about forcing recovery.
2026-07-31 13:08:04 0 [ERROR] InnoDB: Page [page id: space=0, page number=63] log sequence number 77619363 is in the future! Current system log sequence number 77615963.
2026-07-31 13:08:04 0 [ERROR] InnoDB: Your database may be corrupt or you may have copied the InnoDB tablespace but not the InnoDB log files. Please refer to https://mariadb.com/kb/en/library/innodb-recovery-modes/ for information about forcing recovery.
2026-07-31 13:08:04 0 [ERROR] InnoDB: Page [page id: space=0, page number=418] log sequence number 77619363 is in the future! Current system log sequence number 77615963.
2026-07-31 13:08:04 0 [ERROR] InnoDB: Your database may be corrupt or you may have copied the InnoDB tablespace but not the InnoDB log files. Please refer to https://mariadb.com/kb/en/library/innodb-recovery-modes/ for information about forcing recovery.
2026-07-31 13:08:04 0 [ERROR] InnoDB: Page [page id: space=0, page number=192] log sequence number 77619407 is in the future! Current system log sequence number 77615963.
2026-07-31 13:08:04 0 [ERROR] InnoDB: Your database may be corrupt or you may have copied the InnoDB tablespace but not the InnoDB log files. Please refer to https://mariadb.com/kb/en/library/innodb-recovery-modes/ for information about forcing recovery.
2026-07-31 13:08:04 0 [ERROR] InnoDB: Page [page id: space=0, page number=458] log sequence number 77619407 is in the future! Current system log sequence number 77615963.
2026-07-31 13:08:04 0 [ERROR] InnoDB: Your database may be corrupt or you may have copied the InnoDB tablespace but not the InnoDB log files. Please refer to https://mariadb.com/kb/en/library/innodb-recovery-modes/ for information about forcing recovery.
2026-07-31 13:08:04 0 [ERROR] InnoDB: Page [page id: space=0, page number=193] log sequence number 77619451 is in the future! Current system log sequence number 77615963.
2026-07-31 13:08:04 0 [ERROR] InnoDB: Your database may be corrupt or you may have copied the InnoDB tablespace but not the InnoDB log files. Please refer to https://mariadb.com/kb/en/library/innodb-recovery-modes/ for information about forcing recovery.
2026-07-31 13:08:04 0 [ERROR] InnoDB: Page [page id: space=0, page number=369] log sequence number 77619451 is in the future! Current system log sequence number 77615963.
2026-07-31 13:08:04 0 [ERROR] InnoDB: Your database may be corrupt or you may have copied the InnoDB tablespace but not the InnoDB log files. Please refer to https://mariadb.com/kb/en/library/innodb-recovery-modes/ for information about forcing recovery.
2026-07-31 13:08:04 0 [ERROR] InnoDB: Page [page id: space=0, page number=194] log sequence number 77619495 is in the future! Current system log sequence number 77615963.
2026-07-31 13:08:04 0 [ERROR] InnoDB: Your database may be corrupt or you may have copied the InnoDB tablespace but not the InnoDB log files. Please refer to https://mariadb.com/kb/en/library/innodb-recovery-modes/ for information about forcing recovery.
2026-07-31 13:08:04 0 [ERROR] InnoDB: Page [page id: space=0, page number=357] log sequence number 77619495 is in the future! Current system log sequence number 77615963.
2026-07-31 13:08:04 0 [ERROR] InnoDB: Your database may be corrupt or you may have copied the InnoDB tablespace but not the InnoDB log files. Please refer to https://mariadb.com/kb/en/library/innodb-recovery-modes/ for information about forcing recovery.
2026-07-31 13:08:04 0 [ERROR] InnoDB: Page [page id: space=0, page number=195] log sequence number 77619539 is in the future! Current system log sequence number 77615963.
2026-07-31 13:08:04 0 [ERROR] InnoDB: Your database may be corrupt or you may have copied the InnoDB tablespace but not the InnoDB log files. Please refer to https://mariadb.com/kb/en/library/innodb-recovery-modes/ for information about forcing recovery.
2026-07-31 13:08:04 0 [ERROR] InnoDB: Page [page id: space=0, page number=428] log sequence number 77619539 is in the future! Current system log sequence number 77615963.
2026-07-31 13:08:04 0 [ERROR] InnoDB: Your database may be corrupt or you may have copied the InnoDB tablespace but not the InnoDB log files. Please refer to https://mariadb.com/kb/en/library/innodb-recovery-modes/ for information about forcing recovery.
2026-07-31 13:08:04 0 [ERROR] InnoDB: Page [page id: space=0, page number=196] log sequence number 77619583 is in the future! Current system log sequence number 77615963.
2026-07-31 13:08:04 0 [ERROR] InnoDB: Your database may be corrupt or you may have copied the InnoDB tablespace but not the InnoDB log files. Please refer to https://mariadb.com/kb/en/library/innodb-recovery-modes/ for information about forcing recovery.
2026-07-31 13:08:04 0 [ERROR] InnoDB: Page [page id: space=0, page number=339] log sequence number 77619583 is in the future! Current system log sequence number 77615963.
2026-07-31 13:08:04 0 [ERROR] InnoDB: Your database may be corrupt or you may have copied the InnoDB tablespace but not the InnoDB log files. Please refer to https://mariadb.com/kb/en/library/innodb-recovery-modes/ for information about forcing recovery.
2026-07-31 13:08:04 0 [ERROR] InnoDB: Page [page id: space=0, page number=197] log sequence number 77623756 is in the future! Current system log sequence number 77615963.
2026-07-31 13:08:04 0 [ERROR] InnoDB: Your database may be corrupt or you may have copied the InnoDB tablespace but not the InnoDB log files. Please refer to https://mariadb.com/kb/en/library/innodb-recovery-modes/ for information about forcing recovery.
2026-07-31 13:08:04 0 [ERROR] InnoDB: Page [page id: space=0, page number=443] log sequence number 77623756 is in the future! Current system log sequence number 77615963.
2026-07-31 13:08:04 0 [ERROR] InnoDB: Your database may be corrupt or you may have copied the InnoDB tablespace but not the InnoDB log files. Please refer to https://mariadb.com/kb/en/library/innodb-recovery-modes/ for information about forcing recovery.
2026-07-31 13:08:04 0 [ERROR] InnoDB: Page [page id: space=0, page number=198] log sequence number 77623800 is in the future! Current system log sequence number 77615963.
2026-07-31 13:08:04 0 [ERROR] InnoDB: Your database may be corrupt or you may have copied the InnoDB tablespace but not the InnoDB log files. Please refer to https://mariadb.com/kb/en/library/innodb-recovery-modes/ for information about forcing recovery.
2026-07-31 13:08:04 0 [ERROR] InnoDB: Page [page id: space=0, page number=358] log sequence number 77623800 is in the future! Current system log sequence number 77615963.
2026-07-31 13:08:04 0 [ERROR] InnoDB: Your database may be corrupt or you may have copied the InnoDB tablespace but not the InnoDB log files. Please refer to https://mariadb.com/kb/en/library/innodb-recovery-modes/ for information about forcing recovery.
2026-07-31 13:08:04 0 [ERROR] InnoDB: Page [page id: space=0, page number=199] log sequence number 77623860 is in the future! Current system log sequence number 77615963.
2026-07-31 13:08:04 0 [ERROR] InnoDB: Your database may be corrupt or you may have copied the InnoDB tablespace but not the InnoDB log files. Please refer to https://mariadb.com/kb/en/library/innodb-recovery-modes/ for information about forcing recovery.
2026-07-31 13:08:04 0 [ERROR] InnoDB: Page [page id: space=0, page number=499] log sequence number 77623860 is in the future! Current system log sequence number 77615963.
2026-07-31 13:08:04 0 [ERROR] InnoDB: Your database may be corrupt or you may have copied the InnoDB tablespace but not the InnoDB log files. Please refer to https://mariadb.com/kb/en/library/innodb-recovery-modes/ for information about forcing recovery.
2026-07-31 13:08:04 0 [ERROR] InnoDB: Page [page id: space=0, page number=200] log sequence number 77623904 is in the future! Current system log sequence number 77615963.
2026-07-31 13:08:04 0 [ERROR] InnoDB: Your database may be corrupt or you may have copied the InnoDB tablespace but not the InnoDB log files. Please refer to https://mariadb.com/kb/en/library/innodb-recovery-modes/ for information about forcing recovery.
2026-07-31 13:08:04 0 [ERROR] InnoDB: Page [page id: space=0, page number=457] log sequence number 77623904 is in the future! Current system log sequence number 77615963.
2026-07-31 13:08:04 0 [ERROR] InnoDB: Your database may be corrupt or you may have copied the InnoDB tablespace but not the InnoDB log files. Please refer to https://mariadb.com/kb/en/library/innodb-recovery-modes/ for information about forcing recovery.
2026-07-31 13:08:04 0 [ERROR] InnoDB: Page [page id: space=0, page number=201] log sequence number 77623948 is in the future! Current system log sequence number 77615963.
2026-07-31 13:08:04 0 [ERROR] InnoDB: Your database may be corrupt or you may have copied the InnoDB tablespace but not the InnoDB log files. Please refer to https://mariadb.com/kb/en/library/innodb-recovery-modes/ for information about forcing recovery.
2026-07-31 13:08:04 0 [ERROR] InnoDB: Page [page id: space=0, page number=444] log sequence number 77623948 is in the future! Current system log sequence number 77615963.
2026-07-31 13:08:04 0 [ERROR] InnoDB: Your database may be corrupt or you may have copied the InnoDB tablespace but not the InnoDB log files. Please refer to https://mariadb.com/kb/en/library/innodb-recovery-modes/ for information about forcing recovery.
2026-07-31 13:08:04 0 [ERROR] InnoDB: Page [page id: space=0, page number=202] log sequence number 77623992 is in the future! Current system log sequence number 77615963.
2026-07-31 13:08:04 0 [ERROR] InnoDB: Your database may be corrupt or you may have copied the InnoDB tablespace but not the InnoDB log files. Please refer to https://mariadb.com/kb/en/library/innodb-recovery-modes/ for information about forcing recovery.
2026-07-31 13:08:04 0 [ERROR] InnoDB: Page [page id: space=0, page number=370] log sequence number 77623992 is in the future! Current system log sequence number 77615963.
2026-07-31 13:08:04 0 [ERROR] InnoDB: Your database may be corrupt or you may have copied the InnoDB tablespace but not the InnoDB log files. Please refer to https://mariadb.com/kb/en/library/innodb-recovery-modes/ for information about forcing recovery.
2026-07-31 13:08:04 0 [ERROR] InnoDB: Page [page id: space=0, page number=203] log sequence number 77624036 is in the future! Current system log sequence number 77615963.
2026-07-31 13:08:04 0 [ERROR] InnoDB: Your database may be corrupt or you may have copied the InnoDB tablespace but not the InnoDB log files. Please refer to https://mariadb.com/kb/en/library/innodb-recovery-modes/ for information about forcing recovery.
2026-07-31 13:08:04 0 [ERROR] InnoDB: Page [page id: space=0, page number=459] log sequence number 77624036 is in the future! Current system log sequence number 77615963.
2026-07-31 13:08:04 0 [ERROR] InnoDB: Your database may be corrupt or you may have copied the InnoDB tablespace but not the InnoDB log files. Please refer to https://mariadb.com/kb/en/library/innodb-recovery-modes/ for information about forcing recovery.
2026-07-31 13:08:04 0 [ERROR] InnoDB: Page [page id: space=0, page number=204] log sequence number 77624080 is in the future! Current system log sequence number 77615963.
2026-07-31 13:08:04 0 [ERROR] InnoDB: Your database may be corrupt or you may have copied the InnoDB tablespace but not the InnoDB log files. Please refer to https://mariadb.com/kb/en/library/innodb-recovery-modes/ for information about forcing recovery.
2026-07-31 13:08:04 0 [ERROR] InnoDB: Page [page id: space=0, page number=417] log sequence number 77624080 is in the future! Current system log sequence number 77615963.
2026-07-31 13:08:04 0 [ERROR] InnoDB: Your database may be corrupt or you may have copied the InnoDB tablespace but not the InnoDB log files. Please refer to https://mariadb.com/kb/en/library/innodb-recovery-modes/ for information about forcing recovery.
2026-07-31 13:08:04 0 [ERROR] InnoDB: Page [page id: space=0, page number=205] log sequence number 77624124 is in the future! Current system log sequence number 77615963.
2026-07-31 13:08:04 0 [ERROR] InnoDB: Your database may be corrupt or you may have copied the InnoDB tablespace but not the InnoDB log files. Please refer to https://mariadb.com/kb/en/library/innodb-recovery-modes/ for information about forcing recovery.
2026-07-31 13:08:04 0 [ERROR] InnoDB: Page [page id: space=0, page number=472] log sequence number 77624124 is in the future! Current system log sequence number 77615963.
2026-07-31 13:08:04 0 [ERROR] InnoDB: Your database may be corrupt or you may have copied the InnoDB tablespace but not the InnoDB log files. Please refer to https://mariadb.com/kb/en/library/innodb-recovery-modes/ for information about forcing recovery.
2026-07-31 13:08:04 0 [ERROR] InnoDB: Page [page id: space=0, page number=206] log sequence number 77624168 is in the future! Current system log sequence number 77615963.
2026-07-31 13:08:04 0 [ERROR] InnoDB: Your database may be corrupt or you may have copied the InnoDB tablespace but not the InnoDB log files. Please refer to https://mariadb.com/kb/en/library/innodb-recovery-modes/ for information about forcing recovery.
2026-07-31 13:08:04 0 [ERROR] InnoDB: Page [page id: space=0, page number=445] log sequence number 77624168 is in the future! Current system log sequence number 77615963.
2026-07-31 13:08:04 0 [ERROR] InnoDB: Your database may be corrupt or you may have copied the InnoDB tablespace but not the InnoDB log files. Please refer to https://mariadb.com/kb/en/library/innodb-recovery-modes/ for information about forcing recovery.
2026-07-31 13:08:04 0 [ERROR] InnoDB: Page [page id: space=0, page number=207] log sequence number 77624212 is in the future! Current system log sequence number 77615963.
2026-07-31 13:08:04 0 [ERROR] InnoDB: Your database may be corrupt or you may have copied the InnoDB tablespace but not the InnoDB log files. Please refer to https://mariadb.com/kb/en/library/innodb-recovery-modes/ for information about forcing recovery.
2026-07-31 13:08:04 0 [ERROR] InnoDB: Page [page id: space=0, page number=441] log sequence number 77624212 is in the future! Current system log sequence number 77615963.
2026-07-31 13:08:04 0 [ERROR] InnoDB: Your database may be corrupt or you may have copied the InnoDB tablespace but not the InnoDB log files. Please refer to https://mariadb.com/kb/en/library/innodb-recovery-modes/ for information about forcing recovery.
2026-07-31 13:08:04 0 [ERROR] InnoDB: Page [page id: space=0, page number=208] log sequence number 77624256 is in the future! Current system log sequence number 77615963.
2026-07-31 13:08:04 0 [ERROR] InnoDB: Your database may be corrupt or you may have copied the InnoDB tablespace but not the InnoDB log files. Please refer to https://mariadb.com/kb/en/library/innodb-recovery-modes/ for information about forcing recovery.
2026-07-31 13:08:04 0 [ERROR] InnoDB: Page [page id: space=0, page number=341] log sequence number 77624256 is in the future! Current system log sequence number 77615963.
2026-07-31 13:08:04 0 [ERROR] InnoDB: Your database may be corrupt or you may have copied the InnoDB tablespace but not the InnoDB log files. Please refer to https://mariadb.com/kb/en/library/innodb-recovery-modes/ for information about forcing recovery.
2026-07-31 13:08:04 0 [ERROR] InnoDB: Page [page id: space=0, page number=209] log sequence number 77624300 is in the future! Current system log sequence number 77615963.
2026-07-31 13:08:04 0 [ERROR] InnoDB: Your database may be corrupt or you may have copied the InnoDB tablespace but not the InnoDB log files. Please refer to https://mariadb.com/kb/en/library/innodb-recovery-modes/ for information about forcing recovery.
2026-07-31 13:08:04 0 [ERROR] InnoDB: Page [page id: space=0, page number=454] log sequence number 77624300 is in the future! Current system log sequence number 77615963.
2026-07-31 13:08:04 0 [ERROR] InnoDB: Your database may be corrupt or you may have copied the InnoDB tablespace but not the InnoDB log files. Please refer to https://mariadb.com/kb/en/library/innodb-recovery-modes/ for information about forcing recovery.
2026-07-31 13:08:04 0 [ERROR] InnoDB: Page [page id: space=0, page number=210] log sequence number 77624360 is in the future! Current system log sequence number 77615963.
2026-07-31 13:08:04 0 [ERROR] InnoDB: Your database may be corrupt or you may have copied the InnoDB tablespace but not the InnoDB log files. Please refer to https://mariadb.com/kb/en/library/innodb-recovery-modes/ for information about forcing recovery.
2026-07-31 13:08:04 0 [ERROR] InnoDB: Page [page id: space=0, page number=460] log sequence number 77624360 is in the future! Current system log sequence number 77615963.
2026-07-31 13:08:04 0 [ERROR] InnoDB: Your database may be corrupt or you may have copied the InnoDB tablespace but not the InnoDB log files. Please refer to https://mariadb.com/kb/en/library/innodb-recovery-modes/ for information about forcing recovery.
2026-07-31 13:08:04 0 [ERROR] InnoDB: Page [page id: space=0, page number=211] log sequence number 77624578 is in the future! Current system log sequence number 77615963.
2026-07-31 13:08:04 0 [ERROR] InnoDB: Your database may be corrupt or you may have copied the InnoDB tablespace but not the InnoDB log files. Please refer to https://mariadb.com/kb/en/library/innodb-recovery-modes/ for information about forcing recovery.
2026-07-31 13:08:04 0 [ERROR] InnoDB: Page [page id: space=0, page number=503] log sequence number 77624578 is in the future! Current system log sequence number 77615963.
2026-07-31 13:08:04 0 [ERROR] InnoDB: Your database may be corrupt or you may have copied the InnoDB tablespace but not the InnoDB log files. Please refer to https://mariadb.com/kb/en/library/innodb-recovery-modes/ for information about forcing recovery.
2026-07-31 13:08:04 0 [ERROR] InnoDB: Page [page id: space=0, page number=212] log sequence number 77624817 is in the future! Current system log sequence number 77615963.
2026-07-31 13:08:04 0 [ERROR] InnoDB: Your database may be corrupt or you may have copied the InnoDB tablespace but not the InnoDB log files. Please refer to https://mariadb.com/kb/en/library/innodb-recovery-modes/ for information about forcing recovery.
2026-07-31 13:08:04 0 [ERROR] InnoDB: Page [page id: space=0, page number=319] log sequence number 77624817 is in the future! Current system log sequence number 77615963.
2026-07-31 13:08:04 0 [ERROR] InnoDB: Your database may be corrupt or you may have copied the InnoDB tablespace but not the InnoDB log files. Please refer to https://mariadb.com/kb/en/library/innodb-recovery-modes/ for information about forcing recovery.
2026-07-31 13:08:04 0 [ERROR] InnoDB: Page [page id: space=0, page number=213] log sequence number 77625072 is in the future! Current system log sequence number 77615963.
2026-07-31 13:08:04 0 [ERROR] InnoDB: Your database may be corrupt or you may have copied the InnoDB tablespace but not the InnoDB log files. Please refer to https://mariadb.com/kb/en/library/innodb-recovery-modes/ for information about forcing recovery.
2026-07-31 13:08:04 0 [ERROR] InnoDB: Page [page id: space=0, page number=447] log sequence number 77625072 is in the future! Current system log sequence number 77615963.
2026-07-31 13:08:04 0 [ERROR] InnoDB: Your database may be corrupt or you may have copied the InnoDB tablespace but not the InnoDB log files. Please refer to https://mariadb.com/kb/en/library/innodb-recovery-modes/ for information about forcing recovery.
2026-07-31 13:08:04 0 [ERROR] InnoDB: Page [page id: space=0, page number=214] log sequence number 77625311 is in the future! Current system log sequence number 77615963.
2026-07-31 13:08:04 0 [ERROR] InnoDB: Your database may be corrupt or you may have copied the InnoDB tablespace but not the InnoDB log files. Please refer to https://mariadb.com/kb/en/library/innodb-recovery-modes/ for information about forcing recovery.
2026-07-31 13:08:04 0 [ERROR] InnoDB: Page [page id: space=0, page number=325] log sequence number 77625311 is in the future! Current system log sequence number 77615963.
2026-07-31 13:08:04 0 [ERROR] InnoDB: Your database may be corrupt or you may have copied the InnoDB tablespace but not the InnoDB log files. Please refer to https://mariadb.com/kb/en/library/innodb-recovery-modes/ for information about forcing recovery.
2026-07-31 13:08:04 0 [ERROR] InnoDB: Page [page id: space=0, page number=215] log sequence number 77625566 is in the future! Current system log sequence number 77615963.
2026-07-31 13:08:04 0 [ERROR] InnoDB: Your database may be corrupt or you may have copied the InnoDB tablespace but not the InnoDB log files. Please refer to https://mariadb.com/kb/en/library/innodb-recovery-modes/ for information about forcing recovery.
2026-07-31 13:08:04 0 [ERROR] InnoDB: Page [page id: space=0, page number=301] log sequence number 77625566 is in the future! Current system log sequence number 77615963.
2026-07-31 13:08:04 0 [ERROR] InnoDB: Your database may be corrupt or you may have copied the InnoDB tablespace but not the InnoDB log files. Please refer to https://mariadb.com/kb/en/library/innodb-recovery-modes/ for information about forcing recovery.
2026-07-31 13:08:04 0 [ERROR] InnoDB: Page [page id: space=0, page number=260] log sequence number 77619627 is in the future! Current system log sequence number 77615963.
2026-07-31 13:08:04 0 [ERROR] InnoDB: Your database may be corrupt or you may have copied the InnoDB tablespace but not the InnoDB log files. Please refer to https://mariadb.com/kb/en/library/innodb-recovery-modes/ for information about forcing recovery.
2026-07-31 13:08:04 0 [ERROR] InnoDB: Page [page id: space=0, page number=480] log sequence number 77619627 is in the future! Current system log sequence number 77615963.
2026-07-31 13:08:04 0 [ERROR] InnoDB: Your database may be corrupt or you may have copied the InnoDB tablespace but not the InnoDB log files. Please refer to https://mariadb.com/kb/en/library/innodb-recovery-modes/ for information about forcing recovery.
2026-07-31 13:08:04 0 [ERROR] InnoDB: Page [page id: space=0, page number=261] log sequence number 77619671 is in the future! Current system log sequence number 77615963.
2026-07-31 13:08:04 0 [ERROR] InnoDB: Your database may be corrupt or you may have copied the InnoDB tablespace but not the InnoDB log files. Please refer to https://mariadb.com/kb/en/library/innodb-recovery-modes/ for information about forcing recovery.
2026-07-31 13:08:04 0 [ERROR] InnoDB: Page [page id: space=0, page number=402] log sequence number 77619671 is in the future! Current system log sequence number 77615963.
2026-07-31 13:08:04 0 [ERROR] InnoDB: Your database may be corrupt or you may have copied the InnoDB tablespace but not the InnoDB log files. Please refer to https://mariadb.com/kb/en/library/innodb-recovery-modes/ for information about forcing recovery.
2026-07-31 13:08:04 0 [ERROR] InnoDB: Page [page id: space=0, page number=262] log sequence number 77619731 is in the future! Current system log sequence number 77615963.
2026-07-31 13:08:04 0 [ERROR] InnoDB: Your database may be corrupt or you may have copied the InnoDB tablespace but not the InnoDB log files. Please refer to https://mariadb.com/kb/en/library/innodb-recovery-modes/ for information about forcing recovery.
2026-07-31 13:08:04 0 [ERROR] InnoDB: Page [page id: space=0, page number=424] log sequence number 77619731 is in the future! Current system log sequence number 77615963.
2026-07-31 13:08:04 0 [ERROR] InnoDB: Your database may be corrupt or you may have copied the InnoDB tablespace but not the InnoDB log files. Please refer to https://mariadb.com/kb/en/library/innodb-recovery-modes/ for information about forcing recovery.
2026-07-31 13:08:04 0 [ERROR] InnoDB: Page [page id: space=0, page number=263] log sequence number 77619866 is in the future! Current system log sequence number 77615963.
2026-07-31 13:08:04 0 [ERROR] InnoDB: Your database may be corrupt or you may have copied the InnoDB tablespace but not the InnoDB log files. Please refer to https://mariadb.com/kb/en/library/innodb-recovery-modes/ for information about forcing recovery.
2026-07-31 13:08:04 0 [ERROR] InnoDB: Page [page id: space=0, page number=0] log sequence number 77622328 is in the future! Current system log sequence number 77615963.
2026-07-31 13:08:04 0 [ERROR] InnoDB: Your database may be corrupt or you may have copied the InnoDB tablespace but not the InnoDB log files. Please refer to https://mariadb.com/kb/en/library/innodb-recovery-modes/ for information about forcing recovery.
2026-07-31 13:08:04 0 [Note] InnoDB: 128 out of 128 rollback segments are active.
2026-07-31 13:08:04 0 [Note] InnoDB: Removed temporary tablespace data file: "ibtmp1"
2026-07-31 13:08:04 0 [Note] InnoDB: Creating shared tablespace for temporary tables
2026-07-31 13:08:04 0 [Note] InnoDB: Setting file 'C:\xampp\mysql\data\ibtmp1' size to 12 MB. Physically writing the file full; Please wait ...
2026-07-31 13:08:04 0 [Note] InnoDB: File 'C:\xampp\mysql\data\ibtmp1' size is now 12 MB.
2026-07-31 13:08:04 0 [Note] InnoDB: Waiting for purge to start
2026-07-31 13:08:04 3 [ERROR] InnoDB: Page [page id: space=1689, page number=3] log sequence number 77625587 is in the future! Current system log sequence number 77615963.
2026-07-31 13:08:04 3 [ERROR] InnoDB: Your database may be corrupt or you may have copied the InnoDB tablespace but not the InnoDB log files. Please refer to https://mariadb.com/kb/en/library/innodb-recovery-modes/ for information about forcing recovery.
2026-07-31 13:08:04 0 [Note] InnoDB: 10.4.32 started; log sequence number 77615954; transaction id 80761
2026-07-31 13:08:04 0 [Note] InnoDB: Loading buffer pool(s) from C:\xampp\mysql\data\ib_buffer_pool
2026-07-31 13:08:04 0 [Note] Plugin 'FEEDBACK' is disabled.
2026-07-31 13:08:04 0 [ERROR] InnoDB: Page [page id: space=0, page number=315] log sequence number 77619866 is in the future! Current system log sequence number 77615963.
2026-07-31 13:08:04 0 [ERROR] InnoDB: Your database may be corrupt or you may have copied the InnoDB tablespace but not the InnoDB log files. Please refer to https://mariadb.com/kb/en/library/innodb-recovery-modes/ for information about forcing recovery.
2026-07-31 13:08:04 0 [Note] Server socket created on IP: '::'.
2026-07-31 17:10:40 0 [Note] Starting MariaDB 10.4.32-MariaDB source revision c4143f909528e3fab0677a28631d10389354c491 as process 16624
2026-07-31 17:10:40 0 [Note] InnoDB: Mutexes and rw_locks use Windows interlocked functions
2026-07-31 17:10:40 0 [Note] InnoDB: Uses event mutexes
2026-07-31 17:10:40 0 [Note] InnoDB: Compressed tables use zlib 1.3
2026-07-31 17:10:40 0 [Note] InnoDB: Number of pools: 1
2026-07-31 17:10:40 0 [Note] InnoDB: Using SSE2 crc32 instructions
2026-07-31 17:10:40 0 [Note] InnoDB: Initializing buffer pool, total size = 16M, instances = 1, chunk size = 16M
2026-07-31 17:10:40 0 [Note] InnoDB: Completed initialization of buffer pool
2026-07-31 17:10:40 0 [Note] InnoDB: Starting crash recovery from checkpoint LSN=77615963
2026-07-31 17:10:40 0 [Warning] InnoDB: Ignoring a doublewrite copy of page [page id: space=0, page number=263] with future log sequence number 77619866
2026-07-31 17:10:40 0 [Warning] InnoDB: Ignoring a doublewrite copy of page [page id: space=0, page number=315] with future log sequence number 77619866
2026-07-31 17:10:40 0 [Warning] InnoDB: Ignoring a doublewrite copy of page [page id: space=0, page number=322] with future log sequence number 77619866
2026-07-31 17:10:40 0 [Warning] InnoDB: Ignoring a doublewrite copy of page [page id: space=0, page number=209] with future log sequence number 77624300
2026-07-31 17:10:40 0 [Warning] InnoDB: Ignoring a doublewrite copy of page [page id: space=0, page number=454] with future log sequence number 77624300
2026-07-31 17:10:40 0 [Warning] InnoDB: Ignoring a doublewrite copy of page [page id: space=0, page number=208] with future log sequence number 77624256
2026-07-31 17:10:40 0 [Warning] InnoDB: Ignoring a doublewrite copy of page [page id: space=0, page number=341] with future log sequence number 77624256
2026-07-31 17:10:40 0 [Warning] InnoDB: Ignoring a doublewrite copy of page [page id: space=0, page number=207] with future log sequence number 77624212
2026-07-31 17:10:40 0 [Warning] InnoDB: Ignoring a doublewrite copy of page [page id: space=0, page number=441] with future log sequence number 77624212
2026-07-31 17:10:40 0 [Warning] InnoDB: Ignoring a doublewrite copy of page [page id: space=0, page number=206] with future log sequence number 77624168
2026-07-31 17:10:40 0 [Warning] InnoDB: Ignoring a doublewrite copy of page [page id: space=0, page number=445] with future log sequence number 77624168
2026-07-31 17:10:40 0 [Warning] InnoDB: Ignoring a doublewrite copy of page [page id: space=0, page number=205] with future log sequence number 77624124
2026-07-31 17:10:40 0 [Warning] InnoDB: Ignoring a doublewrite copy of page [page id: space=0, page number=472] with future log sequence number 77624124
2026-07-31 17:10:40 0 [Warning] InnoDB: Ignoring a doublewrite copy of page [page id: space=0, page number=204] with future log sequence number 77624080
2026-07-31 17:10:40 0 [Warning] InnoDB: Ignoring a doublewrite copy of page [page id: space=0, page number=417] with future log sequence number 77624080
2026-07-31 17:10:40 0 [Warning] InnoDB: Ignoring a doublewrite copy of page [page id: space=0, page number=203] with future log sequence number 77624036
2026-07-31 17:10:40 0 [Warning] InnoDB: Ignoring a doublewrite copy of page [page id: space=0, page number=459] with future log sequence number 77624036
2026-07-31 17:10:40 0 [Warning] InnoDB: Ignoring a doublewrite copy of page [page id: space=0, page number=202] with future log sequence number 77623992
2026-07-31 17:10:40 0 [Warning] InnoDB: Ignoring a doublewrite copy of page [page id: space=0, page number=370] with future log sequence number 77623992
2026-07-31 17:10:40 0 [Warning] InnoDB: Ignoring a doublewrite copy of page [page id: space=0, page number=201] with future log sequence number 77623948
2026-07-31 17:10:40 0 [Warning] InnoDB: Ignoring a doublewrite copy of page [page id: space=0, page number=444] with future log sequence number 77623948
2026-07-31 17:10:40 0 [Warning] InnoDB: Ignoring a doublewrite copy of page [page id: space=0, page number=200] with future log sequence number 77623904
2026-07-31 17:10:40 0 [Warning] InnoDB: Ignoring a doublewrite copy of page [page id: space=0, page number=457] with future log sequence number 77623904
2026-07-31 17:10:40 0 [Warning] InnoDB: Ignoring a doublewrite copy of page [page id: space=0, page number=199] with future log sequence number 77623860
2026-07-31 17:10:40 0 [Warning] InnoDB: Ignoring a doublewrite copy of page [page id: space=0, page number=499] with future log sequence number 77623860
2026-07-31 17:10:40 0 [Warning] InnoDB: Ignoring a doublewrite copy of page [page id: space=0, page number=198] with future log sequence number 77623800
2026-07-31 17:10:40 0 [Warning] InnoDB: Ignoring a doublewrite copy of page [page id: space=0, page number=358] with future log sequence number 77623800
2026-07-31 17:10:40 0 [Warning] InnoDB: Ignoring a doublewrite copy of page [page id: space=0, page number=197] with future log sequence number 77623756
2026-07-31 17:10:40 0 [Warning] InnoDB: Ignoring a doublewrite copy of page [page id: space=0, page number=443] with future log sequence number 77623756
2026-07-31 17:10:40 0 [Warning] InnoDB: Ignoring a doublewrite copy of page [page id: space=0, page number=215] with future log sequence number 77625566
2026-07-31 17:10:40 0 [Warning] InnoDB: Ignoring a doublewrite copy of page [page id: space=1689, page number=3] with future log sequence number 77625587
2026-07-31 17:10:40 0 [Warning] InnoDB: Ignoring a doublewrite copy of page [page id: space=0, page number=301] with future log sequence number 77625566
2026-07-31 17:10:40 0 [ERROR] InnoDB: Page [page id: space=0, page number=48] log sequence number 77619152 is in the future! Current system log sequence number 77615981.
2026-07-31 17:10:40 0 [ERROR] InnoDB: Your database may be corrupt or you may have copied the InnoDB tablespace but not the InnoDB log files. Please refer to https://mariadb.com/kb/en/library/innodb-recovery-modes/ for information about forcing recovery.
2026-07-31 17:10:40 0 [ERROR] InnoDB: Page [page id: space=0, page number=453] log sequence number 77619152 is in the future! Current system log sequence number 77615981.
2026-07-31 17:10:40 0 [ERROR] InnoDB: Your database may be corrupt or you may have copied the InnoDB tablespace but not the InnoDB log files. Please refer to https://mariadb.com/kb/en/library/innodb-recovery-modes/ for information about forcing recovery.
2026-07-31 17:10:40 0 [ERROR] InnoDB: Page [page id: space=0, page number=49] log sequence number 77619191 is in the future! Current system log sequence number 77615981.
2026-07-31 17:10:40 0 [ERROR] InnoDB: Your database may be corrupt or you may have copied the InnoDB tablespace but not the InnoDB log files. Please refer to https://mariadb.com/kb/en/library/innodb-recovery-modes/ for information about forcing recovery.
2026-07-31 17:10:40 0 [ERROR] InnoDB: Page [page id: space=0, page number=479] log sequence number 77619191 is in the future! Current system log sequence number 77615981.
2026-07-31 17:10:40 0 [ERROR] InnoDB: Your database may be corrupt or you may have copied the InnoDB tablespace but not the InnoDB log files. Please refer to https://mariadb.com/kb/en/library/innodb-recovery-modes/ for information about forcing recovery.
2026-07-31 17:10:40 0 [ERROR] InnoDB: Page [page id: space=0, page number=59] log sequence number 77619246 is in the future! Current system log sequence number 77615981.
2026-07-31 17:10:40 0 [ERROR] InnoDB: Your database may be corrupt or you may have copied the InnoDB tablespace but not the InnoDB log files. Please refer to https://mariadb.com/kb/en/library/innodb-recovery-modes/ for information about forcing recovery.
2026-07-31 17:10:40 0 [ERROR] InnoDB: Page [page id: space=0, page number=318] log sequence number 77619246 is in the future! Current system log sequence number 77615981.
2026-07-31 17:10:40 0 [ERROR] InnoDB: Your database may be corrupt or you may have copied the InnoDB tablespace but not the InnoDB log files. Please refer to https://mariadb.com/kb/en/library/innodb-recovery-modes/ for information about forcing recovery.
2026-07-31 17:10:40 0 [ERROR] InnoDB: Page [page id: space=0, page number=61] log sequence number 77619285 is in the future! Current system log sequence number 77615981.
2026-07-31 17:10:40 0 [ERROR] InnoDB: Your database may be corrupt or you may have copied the InnoDB tablespace but not the InnoDB log files. Please refer to https://mariadb.com/kb/en/library/innodb-recovery-modes/ for information about forcing recovery.
2026-07-31 17:10:40 0 [ERROR] InnoDB: Page [page id: space=0, page number=363] log sequence number 77619285 is in the future! Current system log sequence number 77615981.
2026-07-31 17:10:40 0 [ERROR] InnoDB: Your database may be corrupt or you may have copied the InnoDB tablespace but not the InnoDB log files. Please refer to https://mariadb.com/kb/en/library/innodb-recovery-modes/ for information about forcing recovery.
2026-07-31 17:10:40 0 [ERROR] InnoDB: Page [page id: space=0, page number=62] log sequence number 77619324 is in the future! Current system log sequence number 77615981.
2026-07-31 17:10:40 0 [ERROR] InnoDB: Your database may be corrupt or you may have copied the InnoDB tablespace but not the InnoDB log files. Please refer to https://mariadb.com/kb/en/library/innodb-recovery-modes/ for information about forcing recovery.
2026-07-31 17:10:40 0 [ERROR] InnoDB: Page [page id: space=0, page number=349] log sequence number 77619324 is in the future! Current system log sequence number 77615981.
2026-07-31 17:10:40 0 [ERROR] InnoDB: Your database may be corrupt or you may have copied the InnoDB tablespace but not the InnoDB log files. Please refer to https://mariadb.com/kb/en/library/innodb-recovery-modes/ for information about forcing recovery.
2026-07-31 17:10:40 0 [ERROR] InnoDB: Page [page id: space=0, page number=63] log sequence number 77619363 is in the future! Current system log sequence number 77615981.
2026-07-31 17:10:40 0 [ERROR] InnoDB: Your database may be corrupt or you may have copied the InnoDB tablespace but not the InnoDB log files. Please refer to https://mariadb.com/kb/en/library/innodb-recovery-modes/ for information about forcing recovery.
2026-07-31 17:10:40 0 [ERROR] InnoDB: Page [page id: space=0, page number=418] log sequence number 77619363 is in the future! Current system log sequence number 77615981.
2026-07-31 17:10:40 0 [ERROR] InnoDB: Your database may be corrupt or you may have copied the InnoDB tablespace but not the InnoDB log files. Please refer to https://mariadb.com/kb/en/library/innodb-recovery-modes/ for information about forcing recovery.
2026-07-31 17:10:40 0 [ERROR] InnoDB: Page [page id: space=0, page number=192] log sequence number 77619407 is in the future! Current system log sequence number 77615981.
2026-07-31 17:10:40 0 [ERROR] InnoDB: Your database may be corrupt or you may have copied the InnoDB tablespace but not the InnoDB log files. Please refer to https://mariadb.com/kb/en/library/innodb-recovery-modes/ for information about forcing recovery.
2026-07-31 17:10:40 0 [ERROR] InnoDB: Page [page id: space=0, page number=458] log sequence number 77619407 is in the future! Current system log sequence number 77615981.
2026-07-31 17:10:40 0 [ERROR] InnoDB: Your database may be corrupt or you may have copied the InnoDB tablespace but not the InnoDB log files. Please refer to https://mariadb.com/kb/en/library/innodb-recovery-modes/ for information about forcing recovery.
2026-07-31 17:10:40 0 [ERROR] InnoDB: Page [page id: space=0, page number=193] log sequence number 77619451 is in the future! Current system log sequence number 77615981.
2026-07-31 17:10:40 0 [ERROR] InnoDB: Your database may be corrupt or you may have copied the InnoDB tablespace but not the InnoDB log files. Please refer to https://mariadb.com/kb/en/library/innodb-recovery-modes/ for information about forcing recovery.
2026-07-31 17:10:40 0 [ERROR] InnoDB: Page [page id: space=0, page number=369] log sequence number 77619451 is in the future! Current system log sequence number 77615981.
2026-07-31 17:10:40 0 [ERROR] InnoDB: Your database may be corrupt or you may have copied the InnoDB tablespace but not the InnoDB log files. Please refer to https://mariadb.com/kb/en/library/innodb-recovery-modes/ for information about forcing recovery.
2026-07-31 17:10:40 0 [ERROR] InnoDB: Page [page id: space=0, page number=194] log sequence number 77619495 is in the future! Current system log sequence number 77615981.
2026-07-31 17:10:40 0 [ERROR] InnoDB: Your database may be corrupt or you may have copied the InnoDB tablespace but not the InnoDB log files. Please refer to https://mariadb.com/kb/en/library/innodb-recovery-modes/ for information about forcing recovery.
2026-07-31 17:10:40 0 [ERROR] InnoDB: Page [page id: space=0, page number=357] log sequence number 77619495 is in the future! Current system log sequence number 77615981.
2026-07-31 17:10:40 0 [ERROR] InnoDB: Your database may be corrupt or you may have copied the InnoDB tablespace but not the InnoDB log files. Please refer to https://mariadb.com/kb/en/library/innodb-recovery-modes/ for information about forcing recovery.
2026-07-31 17:10:40 0 [ERROR] InnoDB: Page [page id: space=0, page number=195] log sequence number 77619539 is in the future! Current system log sequence number 77615981.
2026-07-31 17:10:40 0 [ERROR] InnoDB: Your database may be corrupt or you may have copied the InnoDB tablespace but not the InnoDB log files. Please refer to https://mariadb.com/kb/en/library/innodb-recovery-modes/ for information about forcing recovery.
2026-07-31 17:10:40 0 [ERROR] InnoDB: Page [page id: space=0, page number=428] log sequence number 77619539 is in the future! Current system log sequence number 77615981.
2026-07-31 17:10:40 0 [ERROR] InnoDB: Your database may be corrupt or you may have copied the InnoDB tablespace but not the InnoDB log files. Please refer to https://mariadb.com/kb/en/library/innodb-recovery-modes/ for information about forcing recovery.
2026-07-31 17:10:40 0 [ERROR] InnoDB: Page [page id: space=0, page number=196] log sequence number 77619583 is in the future! Current system log sequence number 77615981.
2026-07-31 17:10:40 0 [ERROR] InnoDB: Your database may be corrupt or you may have copied the InnoDB tablespace but not the InnoDB log files. Please refer to https://mariadb.com/kb/en/library/innodb-recovery-modes/ for information about forcing recovery.
2026-07-31 17:10:40 0 [ERROR] InnoDB: Page [page id: space=0, page number=339] log sequence number 77619583 is in the future! Current system log sequence number 77615981.
2026-07-31 17:10:40 0 [ERROR] InnoDB: Your database may be corrupt or you may have copied the InnoDB tablespace but not the InnoDB log files. Please refer to https://mariadb.com/kb/en/library/innodb-recovery-modes/ for information about forcing recovery.
2026-07-31 17:10:40 0 [ERROR] InnoDB: Page [page id: space=0, page number=197] log sequence number 77623756 is in the future! Current system log sequence number 77615981.
2026-07-31 17:10:40 0 [ERROR] InnoDB: Your database may be corrupt or you may have copied the InnoDB tablespace but not the InnoDB log files. Please refer to https://mariadb.com/kb/en/library/innodb-recovery-modes/ for information about forcing recovery.
2026-07-31 17:10:40 0 [ERROR] InnoDB: Page [page id: space=0, page number=443] log sequence number 77623756 is in the future! Current system log sequence number 77615981.
2026-07-31 17:10:40 0 [ERROR] InnoDB: Your database may be corrupt or you may have copied the InnoDB tablespace but not the InnoDB log files. Please refer to https://mariadb.com/kb/en/library/innodb-recovery-modes/ for information about forcing recovery.
2026-07-31 17:10:40 0 [ERROR] InnoDB: Page [page id: space=0, page number=198] log sequence number 77623800 is in the future! Current system log sequence number 77615981.
2026-07-31 17:10:40 0 [ERROR] InnoDB: Your database may be corrupt or you may have copied the InnoDB tablespace but not the InnoDB log files. Please refer to https://mariadb.com/kb/en/library/innodb-recovery-modes/ for information about forcing recovery.
2026-07-31 17:10:40 0 [ERROR] InnoDB: Page [page id: space=0, page number=358] log sequence number 77623800 is in the future! Current system log sequence number 77615981.
2026-07-31 17:10:40 0 [ERROR] InnoDB: Your database may be corrupt or you may have copied the InnoDB tablespace but not the InnoDB log files. Please refer to https://mariadb.com/kb/en/library/innodb-recovery-modes/ for information about forcing recovery.
2026-07-31 17:10:40 0 [ERROR] InnoDB: Page [page id: space=0, page number=199] log sequence number 77623860 is in the future! Current system log sequence number 77615981.
2026-07-31 17:10:40 0 [ERROR] InnoDB: Your database may be corrupt or you may have copied the InnoDB tablespace but not the InnoDB log files. Please refer to https://mariadb.com/kb/en/library/innodb-recovery-modes/ for information about forcing recovery.
2026-07-31 17:10:40 0 [ERROR] InnoDB: Page [page id: space=0, page number=499] log sequence number 77623860 is in the future! Current system log sequence number 77615981.
2026-07-31 17:10:40 0 [ERROR] InnoDB: Your database may be corrupt or you may have copied the InnoDB tablespace but not the InnoDB log files. Please refer to https://mariadb.com/kb/en/library/innodb-recovery-modes/ for information about forcing recovery.
2026-07-31 17:10:40 0 [ERROR] InnoDB: Page [page id: space=0, page number=200] log sequence number 77623904 is in the future! Current system log sequence number 77615981.
2026-07-31 17:10:40 0 [ERROR] InnoDB: Your database may be corrupt or you may have copied the InnoDB tablespace but not the InnoDB log files. Please refer to https://mariadb.com/kb/en/library/innodb-recovery-modes/ for information about forcing recovery.
2026-07-31 17:10:40 0 [ERROR] InnoDB: Page [page id: space=0, page number=457] log sequence number 77623904 is in the future! Current system log sequence number 77615981.
2026-07-31 17:10:40 0 [ERROR] InnoDB: Your database may be corrupt or you may have copied the InnoDB tablespace but not the InnoDB log files. Please refer to https://mariadb.com/kb/en/library/innodb-recovery-modes/ for information about forcing recovery.
2026-07-31 17:10:40 0 [ERROR] InnoDB: Page [page id: space=0, page number=201] log sequence number 77623948 is in the future! Current system log sequence number 77615981.
2026-07-31 17:10:40 0 [ERROR] InnoDB: Your database may be corrupt or you may have copied the InnoDB tablespace but not the InnoDB log files. Please refer to https://mariadb.com/kb/en/library/innodb-recovery-modes/ for information about forcing recovery.
2026-07-31 17:10:40 0 [ERROR] InnoDB: Page [page id: space=0, page number=444] log sequence number 77623948 is in the future! Current system log sequence number 77615981.
2026-07-31 17:10:40 0 [ERROR] InnoDB: Your database may be corrupt or you may have copied the InnoDB tablespace but not the InnoDB log files. Please refer to https://mariadb.com/kb/en/library/innodb-recovery-modes/ for information about forcing recovery.
2026-07-31 17:10:40 0 [ERROR] InnoDB: Page [page id: space=0, page number=202] log sequence number 77623992 is in the future! Current system log sequence number 77615981.
2026-07-31 17:10:40 0 [ERROR] InnoDB: Your database may be corrupt or you may have copied the InnoDB tablespace but not the InnoDB log files. Please refer to https://mariadb.com/kb/en/library/innodb-recovery-modes/ for information about forcing recovery.
2026-07-31 17:10:40 0 [ERROR] InnoDB: Page [page id: space=0, page number=370] log sequence number 77623992 is in the future! Current system log sequence number 77615981.
2026-07-31 17:10:40 0 [ERROR] InnoDB: Your database may be corrupt or you may have copied the InnoDB tablespace but not the InnoDB log files. Please refer to https://mariadb.com/kb/en/library/innodb-recovery-modes/ for information about forcing recovery.
2026-07-31 17:10:40 0 [ERROR] InnoDB: Page [page id: space=0, page number=203] log sequence number 77624036 is in the future! Current system log sequence number 77615981.
2026-07-31 17:10:40 0 [ERROR] InnoDB: Your database may be corrupt or you may have copied the InnoDB tablespace but not the InnoDB log files. Please refer to https://mariadb.com/kb/en/library/innodb-recovery-modes/ for information about forcing recovery.
2026-07-31 17:10:40 0 [ERROR] InnoDB: Page [page id: space=0, page number=459] log sequence number 77624036 is in the future! Current system log sequence number 77615981.
2026-07-31 17:10:40 0 [ERROR] InnoDB: Your database may be corrupt or you may have copied the InnoDB tablespace but not the InnoDB log files. Please refer to https://mariadb.com/kb/en/library/innodb-recovery-modes/ for information about forcing recovery.
2026-07-31 17:10:40 0 [ERROR] InnoDB: Page [page id: space=0, page number=204] log sequence number 77624080 is in the future! Current system log sequence number 77615981.
2026-07-31 17:10:40 0 [ERROR] InnoDB: Your database may be corrupt or you may have copied the InnoDB tablespace but not the InnoDB log files. Please refer to https://mariadb.com/kb/en/library/innodb-recovery-modes/ for information about forcing recovery.
2026-07-31 17:10:40 0 [ERROR] InnoDB: Page [page id: space=0, page number=417] log sequence number 77624080 is in the future! Current system log sequence number 77615981.
2026-07-31 17:10:40 0 [ERROR] InnoDB: Your database may be corrupt or you may have copied the InnoDB tablespace but not the InnoDB log files. Please refer to https://mariadb.com/kb/en/library/innodb-recovery-modes/ for information about forcing recovery.
2026-07-31 17:10:40 0 [ERROR] InnoDB: Page [page id: space=0, page number=205] log sequence number 77624124 is in the future! Current system log sequence number 77615981.
2026-07-31 17:10:40 0 [ERROR] InnoDB: Your database may be corrupt or you may have copied the InnoDB tablespace but not the InnoDB log files. Please refer to https://mariadb.com/kb/en/library/innodb-recovery-modes/ for information about forcing recovery.
2026-07-31 17:10:40 0 [ERROR] InnoDB: Page [page id: space=0, page number=472] log sequence number 77624124 is in the future! Current system log sequence number 77615981.
2026-07-31 17:10:40 0 [ERROR] InnoDB: Your database may be corrupt or you may have copied the InnoDB tablespace but not the InnoDB log files. Please refer to https://mariadb.com/kb/en/library/innodb-recovery-modes/ for information about forcing recovery.
2026-07-31 17:10:40 0 [ERROR] InnoDB: Page [page id: space=0, page number=206] log sequence number 77624168 is in the future! Current system log sequence number 77615981.
2026-07-31 17:10:40 0 [ERROR] InnoDB: Your database may be corrupt or you may have copied the InnoDB tablespace but not the InnoDB log files. Please refer to https://mariadb.com/kb/en/library/innodb-recovery-modes/ for information about forcing recovery.
2026-07-31 17:10:40 0 [ERROR] InnoDB: Page [page id: space=0, page number=445] log sequence number 77624168 is in the future! Current system log sequence number 77615981.
2026-07-31 17:10:40 0 [ERROR] InnoDB: Your database may be corrupt or you may have copied the InnoDB tablespace but not the InnoDB log files. Please refer to https://mariadb.com/kb/en/library/innodb-recovery-modes/ for information about forcing recovery.
2026-07-31 17:10:40 0 [ERROR] InnoDB: Page [page id: space=0, page number=207] log sequence number 77624212 is in the future! Current system log sequence number 77615981.
2026-07-31 17:10:40 0 [ERROR] InnoDB: Your database may be corrupt or you may have copied the InnoDB tablespace but not the InnoDB log files. Please refer to https://mariadb.com/kb/en/library/innodb-recovery-modes/ for information about forcing recovery.
2026-07-31 17:10:40 0 [ERROR] InnoDB: Page [page id: space=0, page number=441] log sequence number 77624212 is in the future! Current system log sequence number 77615981.
2026-07-31 17:10:40 0 [ERROR] InnoDB: Your database may be corrupt or you may have copied the InnoDB tablespace but not the InnoDB log files. Please refer to https://mariadb.com/kb/en/library/innodb-recovery-modes/ for information about forcing recovery.
2026-07-31 17:10:40 0 [ERROR] InnoDB: Page [page id: space=0, page number=208] log sequence number 77624256 is in the future! Current system log sequence number 77615981.
2026-07-31 17:10:40 0 [ERROR] InnoDB: Your database may be corrupt or you may have copied the InnoDB tablespace but not the InnoDB log files. Please refer to https://mariadb.com/kb/en/library/innodb-recovery-modes/ for information about forcing recovery.
2026-07-31 17:10:40 0 [ERROR] InnoDB: Page [page id: space=0, page number=341] log sequence number 77624256 is in the future! Current system log sequence number 77615981.
2026-07-31 17:10:40 0 [ERROR] InnoDB: Your database may be corrupt or you may have copied the InnoDB tablespace but not the InnoDB log files. Please refer to https://mariadb.com/kb/en/library/innodb-recovery-modes/ for information about forcing recovery.
2026-07-31 17:10:40 0 [ERROR] InnoDB: Page [page id: space=0, page number=209] log sequence number 77624300 is in the future! Current system log sequence number 77615981.
2026-07-31 17:10:40 0 [ERROR] InnoDB: Your database may be corrupt or you may have copied the InnoDB tablespace but not the InnoDB log files. Please refer to https://mariadb.com/kb/en/library/innodb-recovery-modes/ for information about forcing recovery.
2026-07-31 17:10:40 0 [ERROR] InnoDB: Page [page id: space=0, page number=454] log sequence number 77624300 is in the future! Current system log sequence number 77615981.
2026-07-31 17:10:40 0 [ERROR] InnoDB: Your database may be corrupt or you may have copied the InnoDB tablespace but not the InnoDB log files. Please refer to https://mariadb.com/kb/en/library/innodb-recovery-modes/ for information about forcing recovery.
2026-07-31 17:10:40 0 [ERROR] InnoDB: Page [page id: space=0, page number=210] log sequence number 77624360 is in the future! Current system log sequence number 77615981.
2026-07-31 17:10:40 0 [ERROR] InnoDB: Your database may be corrupt or you may have copied the InnoDB tablespace but not the InnoDB log files. Please refer to https://mariadb.com/kb/en/library/innodb-recovery-modes/ for information about forcing recovery.
2026-07-31 17:10:40 0 [ERROR] InnoDB: Page [page id: space=0, page number=460] log sequence number 77624360 is in the future! Current system log sequence number 77615981.
2026-07-31 17:10:40 0 [ERROR] InnoDB: Your database may be corrupt or you may have copied the InnoDB tablespace but not the InnoDB log files. Please refer to https://mariadb.com/kb/en/library/innodb-recovery-modes/ for information about forcing recovery.
2026-07-31 17:10:40 0 [ERROR] InnoDB: Page [page id: space=0, page number=211] log sequence number 77624578 is in the future! Current system log sequence number 77615981.
2026-07-31 17:10:40 0 [ERROR] InnoDB: Your database may be corrupt or you may have copied the InnoDB tablespace but not the InnoDB log files. Please refer to https://mariadb.com/kb/en/library/innodb-recovery-modes/ for information about forcing recovery.
2026-07-31 17:10:40 0 [ERROR] InnoDB: Page [page id: space=0, page number=503] log sequence number 77624578 is in the future! Current system log sequence number 77615981.
2026-07-31 17:10:40 0 [ERROR] InnoDB: Your database may be corrupt or you may have copied the InnoDB tablespace but not the InnoDB log files. Please refer to https://mariadb.com/kb/en/library/innodb-recovery-modes/ for information about forcing recovery.
2026-07-31 17:10:40 0 [ERROR] InnoDB: Page [page id: space=0, page number=212] log sequence number 77624817 is in the future! Current system log sequence number 77615981.
2026-07-31 17:10:40 0 [ERROR] InnoDB: Your database may be corrupt or you may have copied the InnoDB tablespace but not the InnoDB log files. Please refer to https://mariadb.com/kb/en/library/innodb-recovery-modes/ for information about forcing recovery.
2026-07-31 17:10:40 0 [ERROR] InnoDB: Page [page id: space=0, page number=319] log sequence number 77624817 is in the future! Current system log sequence number 77615981.
2026-07-31 17:10:40 0 [ERROR] InnoDB: Your database may be corrupt or you may have copied the InnoDB tablespace but not the InnoDB log files. Please refer to https://mariadb.com/kb/en/library/innodb-recovery-modes/ for information about forcing recovery.
2026-07-31 17:10:40 0 [ERROR] InnoDB: Page [page id: space=0, page number=213] log sequence number 77625072 is in the future! Current system log sequence number 77615981.
2026-07-31 17:10:40 0 [ERROR] InnoDB: Your database may be corrupt or you may have copied the InnoDB tablespace but not the InnoDB log files. Please refer to https://mariadb.com/kb/en/library/innodb-recovery-modes/ for information about forcing recovery.
2026-07-31 17:10:40 0 [ERROR] InnoDB: Page [page id: space=0, page number=447] log sequence number 77625072 is in the future! Current system log sequence number 77615981.
2026-07-31 17:10:40 0 [ERROR] InnoDB: Your database may be corrupt or you may have copied the InnoDB tablespace but not the InnoDB log files. Please refer to https://mariadb.com/kb/en/library/innodb-recovery-modes/ for information about forcing recovery.
2026-07-31 17:10:40 0 [ERROR] InnoDB: Page [page id: space=0, page number=214] log sequence number 77625311 is in the future! Current system log sequence number 77615981.
2026-07-31 17:10:40 0 [ERROR] InnoDB: Your database may be corrupt or you may have copied the InnoDB tablespace but not the InnoDB log files. Please refer to https://mariadb.com/kb/en/library/innodb-recovery-modes/ for information about forcing recovery.
2026-07-31 17:10:40 0 [ERROR] InnoDB: Page [page id: space=0, page number=325] log sequence number 77625311 is in the future! Current system log sequence number 77615981.
2026-07-31 17:10:40 0 [ERROR] InnoDB: Your database may be corrupt or you may have copied the InnoDB tablespace but not the InnoDB log files. Please refer to https://mariadb.com/kb/en/library/innodb-recovery-modes/ for information about forcing recovery.
2026-07-31 17:10:40 0 [ERROR] InnoDB: Page [page id: space=0, page number=215] log sequence number 77625566 is in the future! Current system log sequence number 77615981.
2026-07-31 17:10:40 0 [ERROR] InnoDB: Your database may be corrupt or you may have copied the InnoDB tablespace but not the InnoDB log files. Please refer to https://mariadb.com/kb/en/library/innodb-recovery-modes/ for information about forcing recovery.
2026-07-31 17:10:40 0 [ERROR] InnoDB: Page [page id: space=0, page number=301] log sequence number 77625566 is in the future! Current system log sequence number 77615981.
2026-07-31 17:10:40 0 [ERROR] InnoDB: Your database may be corrupt or you may have copied the InnoDB tablespace but not the InnoDB log files. Please refer to https://mariadb.com/kb/en/library/innodb-recovery-modes/ for information about forcing recovery.
2026-07-31 17:10:40 0 [ERROR] InnoDB: Page [page id: space=0, page number=260] log sequence number 77619627 is in the future! Current system log sequence number 77615981.
2026-07-31 17:10:40 0 [ERROR] InnoDB: Your database may be corrupt or you may have copied the InnoDB tablespace but not the InnoDB log files. Please refer to https://mariadb.com/kb/en/library/innodb-recovery-modes/ for information about forcing recovery.
2026-07-31 17:10:40 0 [ERROR] InnoDB: Page [page id: space=0, page number=480] log sequence number 77619627 is in the future! Current system log sequence number 77615981.
2026-07-31 17:10:40 0 [ERROR] InnoDB: Your database may be corrupt or you may have copied the InnoDB tablespace but not the InnoDB log files. Please refer to https://mariadb.com/kb/en/library/innodb-recovery-modes/ for information about forcing recovery.
2026-07-31 17:10:40 0 [ERROR] InnoDB: Page [page id: space=0, page number=261] log sequence number 77619671 is in the future! Current system log sequence number 77615981.
2026-07-31 17:10:40 0 [ERROR] InnoDB: Your database may be corrupt or you may have copied the InnoDB tablespace but not the InnoDB log files. Please refer to https://mariadb.com/kb/en/library/innodb-recovery-modes/ for information about forcing recovery.
2026-07-31 17:10:40 0 [ERROR] InnoDB: Page [page id: space=0, page number=402] log sequence number 77619671 is in the future! Current system log sequence number 77615981.
2026-07-31 17:10:40 0 [ERROR] InnoDB: Your database may be corrupt or you may have copied the InnoDB tablespace but not the InnoDB log files. Please refer to https://mariadb.com/kb/en/library/innodb-recovery-modes/ for information about forcing recovery.
2026-07-31 17:10:40 0 [ERROR] InnoDB: Page [page id: space=0, page number=262] log sequence number 77619731 is in the future! Current system log sequence number 77615981.
2026-07-31 17:10:40 0 [ERROR] InnoDB: Your database may be corrupt or you may have copied the InnoDB tablespace but not the InnoDB log files. Please refer to https://mariadb.com/kb/en/library/innodb-recovery-modes/ for information about forcing recovery.
2026-07-31 17:10:40 0 [ERROR] InnoDB: Page [page id: space=0, page number=424] log sequence number 77619731 is in the future! Current system log sequence number 77615981.
2026-07-31 17:10:40 0 [ERROR] InnoDB: Your database may be corrupt or you may have copied the InnoDB tablespace but not the InnoDB log files. Please refer to https://mariadb.com/kb/en/library/innodb-recovery-modes/ for information about forcing recovery.
2026-07-31 17:10:40 0 [ERROR] InnoDB: Page [page id: space=0, page number=263] log sequence number 77619866 is in the future! Current system log sequence number 77615981.
2026-07-31 17:10:40 0 [ERROR] InnoDB: Your database may be corrupt or you may have copied the InnoDB tablespace but not the InnoDB log files. Please refer to https://mariadb.com/kb/en/library/innodb-recovery-modes/ for information about forcing recovery.
2026-07-31 17:10:40 0 [ERROR] InnoDB: Page [page id: space=0, page number=0] log sequence number 77622328 is in the future! Current system log sequence number 77615981.
2026-07-31 17:10:40 0 [ERROR] InnoDB: Your database may be corrupt or you may have copied the InnoDB tablespace but not the InnoDB log files. Please refer to https://mariadb.com/kb/en/library/innodb-recovery-modes/ for information about forcing recovery.
2026-07-31 17:10:42 0 [Note] InnoDB: 128 out of 128 rollback segments are active.
2026-07-31 17:10:42 0 [Note] InnoDB: Removed temporary tablespace data file: "ibtmp1"
2026-07-31 17:10:42 0 [Note] InnoDB: Creating shared tablespace for temporary tables
2026-07-31 17:10:42 0 [Note] InnoDB: Setting file 'C:\xampp\mysql\data\ibtmp1' size to 12 MB. Physically writing the file full; Please wait ...
2026-07-31 17:10:42 0 [Note] InnoDB: File 'C:\xampp\mysql\data\ibtmp1' size is now 12 MB.
2026-07-31 17:10:42 0 [Note] InnoDB: Waiting for purge to start
2026-07-31 17:10:42 1 [ERROR] InnoDB: Page [page id: space=1689, page number=3] log sequence number 77625587 is in the future! Current system log sequence number 77615981.
2026-07-31 17:10:42 1 [ERROR] InnoDB: Your database may be corrupt or you may have copied the InnoDB tablespace but not the InnoDB log files. Please refer to https://mariadb.com/kb/en/library/innodb-recovery-modes/ for information about forcing recovery.
2026-07-31 17:10:42 0 [Note] InnoDB: 10.4.32 started; log sequence number 77615972; transaction id 80761
2026-07-31 17:10:42 0 [Note] InnoDB: Loading buffer pool(s) from C:\xampp\mysql\data\ib_buffer_pool
2026-07-31 17:10:42 0 [Note] Plugin 'FEEDBACK' is disabled.
2026-07-31 17:10:42 0 [ERROR] InnoDB: Page [page id: space=0, page number=315] log sequence number 77619866 is in the future! Current system log sequence number 77615981.
2026-07-31 17:10:42 0 [ERROR] InnoDB: Your database may be corrupt or you may have copied the InnoDB tablespace but not the InnoDB log files. Please refer to https://mariadb.com/kb/en/library/innodb-recovery-modes/ for information about forcing recovery.
2026-07-31 17:10:42 0 [Note] InnoDB: Buffer pool(s) load completed at 260731 17:10:42
2026-07-31 17:10:42 0 [Note] Server socket created on IP: '::'.
2026-07-31 17:15:36 0 [Note] Starting MariaDB 10.4.32-MariaDB source revision c4143f909528e3fab0677a28631d10389354c491 as process 7356
2026-07-31 17:15:36 0 [Note] InnoDB: Mutexes and rw_locks use Windows interlocked functions
2026-07-31 17:15:36 0 [Note] InnoDB: Uses event mutexes
2026-07-31 17:15:36 0 [Note] InnoDB: Compressed tables use zlib 1.3
2026-07-31 17:15:36 0 [Note] InnoDB: Number of pools: 1
2026-07-31 17:15:36 0 [Note] InnoDB: Using SSE2 crc32 instructions
2026-07-31 17:15:36 0 [Note] InnoDB: Initializing buffer pool, total size = 16M, instances = 1, chunk size = 16M
2026-07-31 17:15:36 0 [Note] InnoDB: Completed initialization of buffer pool
2026-07-31 17:15:36 0 [Note] InnoDB: Starting crash recovery from checkpoint LSN=77615981
2026-07-31 17:15:36 0 [Warning] InnoDB: Ignoring a doublewrite copy of page [page id: space=0, page number=263] with future log sequence number 77619866
2026-07-31 17:15:36 0 [Warning] InnoDB: Ignoring a doublewrite copy of page [page id: space=0, page number=315] with future log sequence number 77619866
2026-07-31 17:15:36 0 [Warning] InnoDB: Ignoring a doublewrite copy of page [page id: space=0, page number=322] with future log sequence number 77619866
2026-07-31 17:15:36 0 [Warning] InnoDB: Ignoring a doublewrite copy of page [page id: space=0, page number=209] with future log sequence number 77624300
2026-07-31 17:15:36 0 [Warning] InnoDB: Ignoring a doublewrite copy of page [page id: space=0, page number=454] with future log sequence number 77624300
2026-07-31 17:15:36 0 [Warning] InnoDB: Ignoring a doublewrite copy of page [page id: space=0, page number=208] with future log sequence number 77624256
2026-07-31 17:15:36 0 [Warning] InnoDB: Ignoring a doublewrite copy of page [page id: space=0, page number=341] with future log sequence number 77624256
2026-07-31 17:15:36 0 [Warning] InnoDB: Ignoring a doublewrite copy of page [page id: space=0, page number=207] with future log sequence number 77624212
2026-07-31 17:15:36 0 [Warning] InnoDB: Ignoring a doublewrite copy of page [page id: space=0, page number=441] with future log sequence number 77624212
2026-07-31 17:15:36 0 [Warning] InnoDB: Ignoring a doublewrite copy of page [page id: space=0, page number=206] with future log sequence number 77624168
2026-07-31 17:15:36 0 [Warning] InnoDB: Ignoring a doublewrite copy of page [page id: space=0, page number=445] with future log sequence number 77624168
2026-07-31 17:15:36 0 [Warning] InnoDB: Ignoring a doublewrite copy of page [page id: space=0, page number=205] with future log sequence number 77624124
2026-07-31 17:15:36 0 [Warning] InnoDB: Ignoring a doublewrite copy of page [page id: space=0, page number=472] with future log sequence number 77624124
2026-07-31 17:15:36 0 [Warning] InnoDB: Ignoring a doublewrite copy of page [page id: space=0, page number=204] with future log sequence number 77624080
2026-07-31 17:15:36 0 [Warning] InnoDB: Ignoring a doublewrite copy of page [page id: space=0, page number=417] with future log sequence number 77624080
2026-07-31 17:15:36 0 [Warning] InnoDB: Ignoring a doublewrite copy of page [page id: space=0, page number=203] with future log sequence number 77624036
2026-07-31 17:15:36 0 [Warning] InnoDB: Ignoring a doublewrite copy of page [page id: space=0, page number=459] with future log sequence number 77624036
2026-07-31 17:15:36 0 [Warning] InnoDB: Ignoring a doublewrite copy of page [page id: space=0, page number=202] with future log sequence number 77623992
2026-07-31 17:15:36 0 [Warning] InnoDB: Ignoring a doublewrite copy of page [page id: space=0, page number=370] with future log sequence number 77623992
2026-07-31 17:15:36 0 [Warning] InnoDB: Ignoring a doublewrite copy of page [page id: space=0, page number=201] with future log sequence number 77623948
2026-07-31 17:15:36 0 [Warning] InnoDB: Ignoring a doublewrite copy of page [page id: space=0, page number=444] with future log sequence number 77623948
2026-07-31 17:15:36 0 [Warning] InnoDB: Ignoring a doublewrite copy of page [page id: space=0, page number=200] with future log sequence number 77623904
2026-07-31 17:15:36 0 [Warning] InnoDB: Ignoring a doublewrite copy of page [page id: space=0, page number=457] with future log sequence number 77623904
2026-07-31 17:15:36 0 [Warning] InnoDB: Ignoring a doublewrite copy of page [page id: space=0, page number=199] with future log sequence number 77623860
2026-07-31 17:15:36 0 [Warning] InnoDB: Ignoring a doublewrite copy of page [page id: space=0, page number=499] with future log sequence number 77623860
2026-07-31 17:15:36 0 [Warning] InnoDB: Ignoring a doublewrite copy of page [page id: space=0, page number=198] with future log sequence number 77623800
2026-07-31 17:15:36 0 [Warning] InnoDB: Ignoring a doublewrite copy of page [page id: space=0, page number=358] with future log sequence number 77623800
2026-07-31 17:15:36 0 [Warning] InnoDB: Ignoring a doublewrite copy of page [page id: space=0, page number=197] with future log sequence number 77623756
2026-07-31 17:15:36 0 [Warning] InnoDB: Ignoring a doublewrite copy of page [page id: space=0, page number=443] with future log sequence number 77623756
2026-07-31 17:15:36 0 [Warning] InnoDB: Ignoring a doublewrite copy of page [page id: space=0, page number=215] with future log sequence number 77625566
2026-07-31 17:15:36 0 [Warning] InnoDB: Ignoring a doublewrite copy of page [page id: space=1689, page number=3] with future log sequence number 77625587
2026-07-31 17:15:36 0 [Warning] InnoDB: Ignoring a doublewrite copy of page [page id: space=0, page number=301] with future log sequence number 77625566
2026-07-31 17:15:36 0 [ERROR] InnoDB: Page [page id: space=0, page number=48] log sequence number 77619152 is in the future! Current system log sequence number 77615999.
2026-07-31 17:15:36 0 [ERROR] InnoDB: Your database may be corrupt or you may have copied the InnoDB tablespace but not the InnoDB log files. Please refer to https://mariadb.com/kb/en/library/innodb-recovery-modes/ for information about forcing recovery.
2026-07-31 17:15:36 0 [ERROR] InnoDB: Page [page id: space=0, page number=453] log sequence number 77619152 is in the future! Current system log sequence number 77615999.
2026-07-31 17:15:36 0 [ERROR] InnoDB: Your database may be corrupt or you may have copied the InnoDB tablespace but not the InnoDB log files. Please refer to https://mariadb.com/kb/en/library/innodb-recovery-modes/ for information about forcing recovery.
2026-07-31 17:15:36 0 [ERROR] InnoDB: Page [page id: space=0, page number=49] log sequence number 77619191 is in the future! Current system log sequence number 77615999.
2026-07-31 17:15:36 0 [ERROR] InnoDB: Your database may be corrupt or you may have copied the InnoDB tablespace but not the InnoDB log files. Please refer to https://mariadb.com/kb/en/library/innodb-recovery-modes/ for information about forcing recovery.
2026-07-31 17:15:36 0 [ERROR] InnoDB: Page [page id: space=0, page number=479] log sequence number 77619191 is in the future! Current system log sequence number 77615999.
2026-07-31 17:15:36 0 [ERROR] InnoDB: Your database may be corrupt or you may have copied the InnoDB tablespace but not the InnoDB log files. Please refer to https://mariadb.com/kb/en/library/innodb-recovery-modes/ for information about forcing recovery.
2026-07-31 17:15:36 0 [ERROR] InnoDB: Page [page id: space=0, page number=59] log sequence number 77619246 is in the future! Current system log sequence number 77615999.
2026-07-31 17:15:36 0 [ERROR] InnoDB: Your database may be corrupt or you may have copied the InnoDB tablespace but not the InnoDB log files. Please refer to https://mariadb.com/kb/en/library/innodb-recovery-modes/ for information about forcing recovery.
2026-07-31 17:15:36 0 [ERROR] InnoDB: Page [page id: space=0, page number=318] log sequence number 77619246 is in the future! Current system log sequence number 77615999.
2026-07-31 17:15:36 0 [ERROR] InnoDB: Your database may be corrupt or you may have copied the InnoDB tablespace but not the InnoDB log files. Please refer to https://mariadb.com/kb/en/library/innodb-recovery-modes/ for information about forcing recovery.
2026-07-31 17:15:36 0 [ERROR] InnoDB: Page [page id: space=0, page number=61] log sequence number 77619285 is in the future! Current system log sequence number 77615999.
2026-07-31 17:15:36 0 [ERROR] InnoDB: Your database may be corrupt or you may have copied the InnoDB tablespace but not the InnoDB log files. Please refer to https://mariadb.com/kb/en/library/innodb-recovery-modes/ for information about forcing recovery.
2026-07-31 17:15:36 0 [ERROR] InnoDB: Page [page id: space=0, page number=363] log sequence number 77619285 is in the future! Current system log sequence number 77615999.
2026-07-31 17:15:36 0 [ERROR] InnoDB: Your database may be corrupt or you may have copied the InnoDB tablespace but not the InnoDB log files. Please refer to https://mariadb.com/kb/en/library/innodb-recovery-modes/ for information about forcing recovery.
2026-07-31 17:15:36 0 [ERROR] InnoDB: Page [page id: space=0, page number=62] log sequence number 77619324 is in the future! Current system log sequence number 77615999.
2026-07-31 17:15:36 0 [ERROR] InnoDB: Your database may be corrupt or you may have copied the InnoDB tablespace but not the InnoDB log files. Please refer to https://mariadb.com/kb/en/library/innodb-recovery-modes/ for information about forcing recovery.
2026-07-31 17:15:36 0 [ERROR] InnoDB: Page [page id: space=0, page number=349] log sequence number 77619324 is in the future! Current system log sequence number 77615999.
2026-07-31 17:15:36 0 [ERROR] InnoDB: Your database may be corrupt or you may have copied the InnoDB tablespace but not the InnoDB log files. Please refer to https://mariadb.com/kb/en/library/innodb-recovery-modes/ for information about forcing recovery.
2026-07-31 17:15:36 0 [ERROR] InnoDB: Page [page id: space=0, page number=63] log sequence number 77619363 is in the future! Current system log sequence number 77615999.
2026-07-31 17:15:36 0 [ERROR] InnoDB: Your database may be corrupt or you may have copied the InnoDB tablespace but not the InnoDB log files. Please refer to https://mariadb.com/kb/en/library/innodb-recovery-modes/ for information about forcing recovery.
2026-07-31 17:15:36 0 [ERROR] InnoDB: Page [page id: space=0, page number=418] log sequence number 77619363 is in the future! Current system log sequence number 77615999.
2026-07-31 17:15:36 0 [ERROR] InnoDB: Your database may be corrupt or you may have copied the InnoDB tablespace but not the InnoDB log files. Please refer to https://mariadb.com/kb/en/library/innodb-recovery-modes/ for information about forcing recovery.
2026-07-31 17:15:36 0 [ERROR] InnoDB: Page [page id: space=0, page number=192] log sequence number 77619407 is in the future! Current system log sequence number 77615999.
2026-07-31 17:15:36 0 [ERROR] InnoDB: Your database may be corrupt or you may have copied the InnoDB tablespace but not the InnoDB log files. Please refer to https://mariadb.com/kb/en/library/innodb-recovery-modes/ for information about forcing recovery.
2026-07-31 17:15:36 0 [ERROR] InnoDB: Page [page id: space=0, page number=458] log sequence number 77619407 is in the future! Current system log sequence number 77615999.
2026-07-31 17:15:36 0 [ERROR] InnoDB: Your database may be corrupt or you may have copied the InnoDB tablespace but not the InnoDB log files. Please refer to https://mariadb.com/kb/en/library/innodb-recovery-modes/ for information about forcing recovery.
2026-07-31 17:15:36 0 [ERROR] InnoDB: Page [page id: space=0, page number=193] log sequence number 77619451 is in the future! Current system log sequence number 77615999.
2026-07-31 17:15:36 0 [ERROR] InnoDB: Your database may be corrupt or you may have copied the InnoDB tablespace but not the InnoDB log files. Please refer to https://mariadb.com/kb/en/library/innodb-recovery-modes/ for information about forcing recovery.
2026-07-31 17:15:36 0 [ERROR] InnoDB: Page [page id: space=0, page number=369] log sequence number 77619451 is in the future! Current system log sequence number 77615999.
2026-07-31 17:15:36 0 [ERROR] InnoDB: Your database may be corrupt or you may have copied the InnoDB tablespace but not the InnoDB log files. Please refer to https://mariadb.com/kb/en/library/innodb-recovery-modes/ for information about forcing recovery.
2026-07-31 17:15:36 0 [ERROR] InnoDB: Page [page id: space=0, page number=194] log sequence number 77619495 is in the future! Current system log sequence number 77615999.
2026-07-31 17:15:36 0 [ERROR] InnoDB: Your database may be corrupt or you may have copied the InnoDB tablespace but not the InnoDB log files. Please refer to https://mariadb.com/kb/en/library/innodb-recovery-modes/ for information about forcing recovery.
2026-07-31 17:15:36 0 [ERROR] InnoDB: Page [page id: space=0, page number=357] log sequence number 77619495 is in the future! Current system log sequence number 77615999.
2026-07-31 17:15:36 0 [ERROR] InnoDB: Your database may be corrupt or you may have copied the InnoDB tablespace but not the InnoDB log files. Please refer to https://mariadb.com/kb/en/library/innodb-recovery-modes/ for information about forcing recovery.
2026-07-31 17:15:36 0 [ERROR] InnoDB: Page [page id: space=0, page number=195] log sequence number 77619539 is in the future! Current system log sequence number 77615999.
2026-07-31 17:15:36 0 [ERROR] InnoDB: Your database may be corrupt or you may have copied the InnoDB tablespace but not the InnoDB log files. Please refer to https://mariadb.com/kb/en/library/innodb-recovery-modes/ for information about forcing recovery.
2026-07-31 17:15:36 0 [ERROR] InnoDB: Page [page id: space=0, page number=428] log sequence number 77619539 is in the future! Current system log sequence number 77615999.
2026-07-31 17:15:36 0 [ERROR] InnoDB: Your database may be corrupt or you may have copied the InnoDB tablespace but not the InnoDB log files. Please refer to https://mariadb.com/kb/en/library/innodb-recovery-modes/ for information about forcing recovery.
2026-07-31 17:15:36 0 [ERROR] InnoDB: Page [page id: space=0, page number=196] log sequence number 77619583 is in the future! Current system log sequence number 77615999.
2026-07-31 17:15:36 0 [ERROR] InnoDB: Your database may be corrupt or you may have copied the InnoDB tablespace but not the InnoDB log files. Please refer to https://mariadb.com/kb/en/library/innodb-recovery-modes/ for information about forcing recovery.
2026-07-31 17:15:36 0 [ERROR] InnoDB: Page [page id: space=0, page number=339] log sequence number 77619583 is in the future! Current system log sequence number 77615999.
2026-07-31 17:15:36 0 [ERROR] InnoDB: Your database may be corrupt or you may have copied the InnoDB tablespace but not the InnoDB log files. Please refer to https://mariadb.com/kb/en/library/innodb-recovery-modes/ for information about forcing recovery.
2026-07-31 17:15:36 0 [ERROR] InnoDB: Page [page id: space=0, page number=197] log sequence number 77623756 is in the future! Current system log sequence number 77615999.
2026-07-31 17:15:36 0 [ERROR] InnoDB: Your database may be corrupt or you may have copied the InnoDB tablespace but not the InnoDB log files. Please refer to https://mariadb.com/kb/en/library/innodb-recovery-modes/ for information about forcing recovery.
2026-07-31 17:15:36 0 [ERROR] InnoDB: Page [page id: space=0, page number=443] log sequence number 77623756 is in the future! Current system log sequence number 77615999.
2026-07-31 17:15:36 0 [ERROR] InnoDB: Your database may be corrupt or you may have copied the InnoDB tablespace but not the InnoDB log files. Please refer to https://mariadb.com/kb/en/library/innodb-recovery-modes/ for information about forcing recovery.
2026-07-31 17:15:36 0 [ERROR] InnoDB: Page [page id: space=0, page number=198] log sequence number 77623800 is in the future! Current system log sequence number 77615999.
2026-07-31 17:15:36 0 [ERROR] InnoDB: Your database may be corrupt or you may have copied the InnoDB tablespace but not the InnoDB log files. Please refer to https://mariadb.com/kb/en/library/innodb-recovery-modes/ for information about forcing recovery.
2026-07-31 17:15:36 0 [ERROR] InnoDB: Page [page id: space=0, page number=358] log sequence number 77623800 is in the future! Current system log sequence number 77615999.
2026-07-31 17:15:36 0 [ERROR] InnoDB: Your database may be corrupt or you may have copied the InnoDB tablespace but not the InnoDB log files. Please refer to https://mariadb.com/kb/en/library/innodb-recovery-modes/ for information about forcing recovery.
2026-07-31 17:15:36 0 [ERROR] InnoDB: Page [page id: space=0, page number=199] log sequence number 77623860 is in the future! Current system log sequence number 77615999.
2026-07-31 17:15:36 0 [ERROR] InnoDB: Your database may be corrupt or you may have copied the InnoDB tablespace but not the InnoDB log files. Please refer to https://mariadb.com/kb/en/library/innodb-recovery-modes/ for information about forcing recovery.
2026-07-31 17:15:36 0 [ERROR] InnoDB: Page [page id: space=0, page number=499] log sequence number 77623860 is in the future! Current system log sequence number 77615999.
2026-07-31 17:15:36 0 [ERROR] InnoDB: Your database may be corrupt or you may have copied the InnoDB tablespace but not the InnoDB log files. Please refer to https://mariadb.com/kb/en/library/innodb-recovery-modes/ for information about forcing recovery.
2026-07-31 17:15:36 0 [ERROR] InnoDB: Page [page id: space=0, page number=200] log sequence number 77623904 is in the future! Current system log sequence number 77615999.
2026-07-31 17:15:36 0 [ERROR] InnoDB: Your database may be corrupt or you may have copied the InnoDB tablespace but not the InnoDB log files. Please refer to https://mariadb.com/kb/en/library/innodb-recovery-modes/ for information about forcing recovery.
2026-07-31 17:15:36 0 [ERROR] InnoDB: Page [page id: space=0, page number=457] log sequence number 77623904 is in the future! Current system log sequence number 77615999.
2026-07-31 17:15:36 0 [ERROR] InnoDB: Your database may be corrupt or you may have copied the InnoDB tablespace but not the InnoDB log files. Please refer to https://mariadb.com/kb/en/library/innodb-recovery-modes/ for information about forcing recovery.
2026-07-31 17:15:36 0 [ERROR] InnoDB: Page [page id: space=0, page number=201] log sequence number 77623948 is in the future! Current system log sequence number 77615999.
2026-07-31 17:15:36 0 [ERROR] InnoDB: Your database may be corrupt or you may have copied the InnoDB tablespace but not the InnoDB log files. Please refer to https://mariadb.com/kb/en/library/innodb-recovery-modes/ for information about forcing recovery.
2026-07-31 17:15:36 0 [ERROR] InnoDB: Page [page id: space=0, page number=444] log sequence number 77623948 is in the future! Current system log sequence number 77615999.
2026-07-31 17:15:36 0 [ERROR] InnoDB: Your database may be corrupt or you may have copied the InnoDB tablespace but not the InnoDB log files. Please refer to https://mariadb.com/kb/en/library/innodb-recovery-modes/ for information about forcing recovery.
2026-07-31 17:15:36 0 [ERROR] InnoDB: Page [page id: space=0, page number=202] log sequence number 77623992 is in the future! Current system log sequence number 77615999.
2026-07-31 17:15:36 0 [ERROR] InnoDB: Your database may be corrupt or you may have copied the InnoDB tablespace but not the InnoDB log files. Please refer to https://mariadb.com/kb/en/library/innodb-recovery-modes/ for information about forcing recovery.
2026-07-31 17:15:36 0 [ERROR] InnoDB: Page [page id: space=0, page number=370] log sequence number 77623992 is in the future! Current system log sequence number 77615999.
2026-07-31 17:15:36 0 [ERROR] InnoDB: Your database may be corrupt or you may have copied the InnoDB tablespace but not the InnoDB log files. Please refer to https://mariadb.com/kb/en/library/innodb-recovery-modes/ for information about forcing recovery.
2026-07-31 17:15:36 0 [ERROR] InnoDB: Page [page id: space=0, page number=203] log sequence number 77624036 is in the future! Current system log sequence number 77615999.
2026-07-31 17:15:36 0 [ERROR] InnoDB: Your database may be corrupt or you may have copied the InnoDB tablespace but not the InnoDB log files. Please refer to https://mariadb.com/kb/en/library/innodb-recovery-modes/ for information about forcing recovery.
2026-07-31 17:15:36 0 [ERROR] InnoDB: Page [page id: space=0, page number=459] log sequence number 77624036 is in the future! Current system log sequence number 77615999.
2026-07-31 17:15:36 0 [ERROR] InnoDB: Your database may be corrupt or you may have copied the InnoDB tablespace but not the InnoDB log files. Please refer to https://mariadb.com/kb/en/library/innodb-recovery-modes/ for information about forcing recovery.
2026-07-31 17:15:36 0 [ERROR] InnoDB: Page [page id: space=0, page number=204] log sequence number 77624080 is in the future! Current system log sequence number 77615999.
2026-07-31 17:15:36 0 [ERROR] InnoDB: Your database may be corrupt or you may have copied the InnoDB tablespace but not the InnoDB log files. Please refer to https://mariadb.com/kb/en/library/innodb-recovery-modes/ for information about forcing recovery.
2026-07-31 17:15:36 0 [ERROR] InnoDB: Page [page id: space=0, page number=417] log sequence number 77624080 is in the future! Current system log sequence number 77615999.
2026-07-31 17:15:36 0 [ERROR] InnoDB: Your database may be corrupt or you may have copied the InnoDB tablespace but not the InnoDB log files. Please refer to https://mariadb.com/kb/en/library/innodb-recovery-modes/ for information about forcing recovery.
2026-07-31 17:15:36 0 [ERROR] InnoDB: Page [page id: space=0, page number=205] log sequence number 77624124 is in the future! Current system log sequence number 77615999.
2026-07-31 17:15:36 0 [ERROR] InnoDB: Your database may be corrupt or you may have copied the InnoDB tablespace but not the InnoDB log files. Please refer to https://mariadb.com/kb/en/library/innodb-recovery-modes/ for information about forcing recovery.
2026-07-31 17:15:36 0 [ERROR] InnoDB: Page [page id: space=0, page number=472] log sequence number 77624124 is in the future! Current system log sequence number 77615999.
2026-07-31 17:15:36 0 [ERROR] InnoDB: Your database may be corrupt or you may have copied the InnoDB tablespace but not the InnoDB log files. Please refer to https://mariadb.com/kb/en/library/innodb-recovery-modes/ for information about forcing recovery.
2026-07-31 17:15:36 0 [ERROR] InnoDB: Page [page id: space=0, page number=206] log sequence number 77624168 is in the future! Current system log sequence number 77615999.
2026-07-31 17:15:36 0 [ERROR] InnoDB: Your database may be corrupt or you may have copied the InnoDB tablespace but not the InnoDB log files. Please refer to https://mariadb.com/kb/en/library/innodb-recovery-modes/ for information about forcing recovery.
2026-07-31 17:15:36 0 [ERROR] InnoDB: Page [page id: space=0, page number=445] log sequence number 77624168 is in the future! Current system log sequence number 77615999.
2026-07-31 17:15:36 0 [ERROR] InnoDB: Your database may be corrupt or you may have copied the InnoDB tablespace but not the InnoDB log files. Please refer to https://mariadb.com/kb/en/library/innodb-recovery-modes/ for information about forcing recovery.
2026-07-31 17:15:36 0 [ERROR] InnoDB: Page [page id: space=0, page number=207] log sequence number 77624212 is in the future! Current system log sequence number 77615999.
2026-07-31 17:15:36 0 [ERROR] InnoDB: Your database may be corrupt or you may have copied the InnoDB tablespace but not the InnoDB log files. Please refer to https://mariadb.com/kb/en/library/innodb-recovery-modes/ for information about forcing recovery.
2026-07-31 17:15:36 0 [ERROR] InnoDB: Page [page id: space=0, page number=441] log sequence number 77624212 is in the future! Current system log sequence number 77615999.
2026-07-31 17:15:36 0 [ERROR] InnoDB: Your database may be corrupt or you may have copied the InnoDB tablespace but not the InnoDB log files. Please refer to https://mariadb.com/kb/en/library/innodb-recovery-modes/ for information about forcing recovery.
2026-07-31 17:15:36 0 [ERROR] InnoDB: Page [page id: space=0, page number=208] log sequence number 77624256 is in the future! Current system log sequence number 77615999.
2026-07-31 17:15:36 0 [ERROR] InnoDB: Your database may be corrupt or you may have copied the InnoDB tablespace but not the InnoDB log files. Please refer to https://mariadb.com/kb/en/library/innodb-recovery-modes/ for information about forcing recovery.
2026-07-31 17:15:36 0 [ERROR] InnoDB: Page [page id: space=0, page number=341] log sequence number 77624256 is in the future! Current system log sequence number 77615999.
2026-07-31 17:15:36 0 [ERROR] InnoDB: Your database may be corrupt or you may have copied the InnoDB tablespace but not the InnoDB log files. Please refer to https://mariadb.com/kb/en/library/innodb-recovery-modes/ for information about forcing recovery.
2026-07-31 17:15:36 0 [ERROR] InnoDB: Page [page id: space=0, page number=209] log sequence number 77624300 is in the future! Current system log sequence number 77615999.
2026-07-31 17:15:36 0 [ERROR] InnoDB: Your database may be corrupt or you may have copied the InnoDB tablespace but not the InnoDB log files. Please refer to https://mariadb.com/kb/en/library/innodb-recovery-modes/ for information about forcing recovery.
2026-07-31 17:15:36 0 [ERROR] InnoDB: Page [page id: space=0, page number=454] log sequence number 77624300 is in the future! Current system log sequence number 77615999.
2026-07-31 17:15:36 0 [ERROR] InnoDB: Your database may be corrupt or you may have copied the InnoDB tablespace but not the InnoDB log files. Please refer to https://mariadb.com/kb/en/library/innodb-recovery-modes/ for information about forcing recovery.
2026-07-31 17:15:36 0 [ERROR] InnoDB: Page [page id: space=0, page number=210] log sequence number 77624360 is in the future! Current system log sequence number 77615999.
2026-07-31 17:15:36 0 [ERROR] InnoDB: Your database may be corrupt or you may have copied the InnoDB tablespace but not the InnoDB log files. Please refer to https://mariadb.com/kb/en/library/innodb-recovery-modes/ for information about forcing recovery.
2026-07-31 17:15:36 0 [ERROR] InnoDB: Page [page id: space=0, page number=460] log sequence number 77624360 is in the future! Current system log sequence number 77615999.
2026-07-31 17:15:36 0 [ERROR] InnoDB: Your database may be corrupt or you may have copied the InnoDB tablespace but not the InnoDB log files. Please refer to https://mariadb.com/kb/en/library/innodb-recovery-modes/ for information about forcing recovery.
2026-07-31 17:15:36 0 [ERROR] InnoDB: Page [page id: space=0, page number=211] log sequence number 77624578 is in the future! Current system log sequence number 77615999.
2026-07-31 17:15:36 0 [ERROR] InnoDB: Your database may be corrupt or you may have copied the InnoDB tablespace but not the InnoDB log files. Please refer to https://mariadb.com/kb/en/library/innodb-recovery-modes/ for information about forcing recovery.
2026-07-31 17:15:36 0 [ERROR] InnoDB: Page [page id: space=0, page number=503] log sequence number 77624578 is in the future! Current system log sequence number 77615999.
2026-07-31 17:15:36 0 [ERROR] InnoDB: Your database may be corrupt or you may have copied the InnoDB tablespace but not the InnoDB log files. Please refer to https://mariadb.com/kb/en/library/innodb-recovery-modes/ for information about forcing recovery.
2026-07-31 17:15:36 0 [ERROR] InnoDB: Page [page id: space=0, page number=212] log sequence number 77624817 is in the future! Current system log sequence number 77615999.
2026-07-31 17:15:36 0 [ERROR] InnoDB: Your database may be corrupt or you may have copied the InnoDB tablespace but not the InnoDB log files. Please refer to https://mariadb.com/kb/en/library/innodb-recovery-modes/ for information about forcing recovery.
2026-07-31 17:15:36 0 [ERROR] InnoDB: Page [page id: space=0, page number=319] log sequence number 77624817 is in the future! Current system log sequence number 77615999.
2026-07-31 17:15:36 0 [ERROR] InnoDB: Your database may be corrupt or you may have copied the InnoDB tablespace but not the InnoDB log files. Please refer to https://mariadb.com/kb/en/library/innodb-recovery-modes/ for information about forcing recovery.
2026-07-31 17:15:36 0 [ERROR] InnoDB: Page [page id: space=0, page number=213] log sequence number 77625072 is in the future! Current system log sequence number 77615999.
2026-07-31 17:15:36 0 [ERROR] InnoDB: Your database may be corrupt or you may have copied the InnoDB tablespace but not the InnoDB log files. Please refer to https://mariadb.com/kb/en/library/innodb-recovery-modes/ for information about forcing recovery.
2026-07-31 17:15:36 0 [ERROR] InnoDB: Page [page id: space=0, page number=447] log sequence number 77625072 is in the future! Current system log sequence number 77615999.
2026-07-31 17:15:36 0 [ERROR] InnoDB: Your database may be corrupt or you may have copied the InnoDB tablespace but not the InnoDB log files. Please refer to https://mariadb.com/kb/en/library/innodb-recovery-modes/ for information about forcing recovery.
2026-07-31 17:15:36 0 [ERROR] InnoDB: Page [page id: space=0, page number=214] log sequence number 77625311 is in the future! Current system log sequence number 77615999.
2026-07-31 17:15:36 0 [ERROR] InnoDB: Your database may be corrupt or you may have copied the InnoDB tablespace but not the InnoDB log files. Please refer to https://mariadb.com/kb/en/library/innodb-recovery-modes/ for information about forcing recovery.
2026-07-31 17:15:36 0 [ERROR] InnoDB: Page [page id: space=0, page number=325] log sequence number 77625311 is in the future! Current system log sequence number 77615999.
2026-07-31 17:15:36 0 [ERROR] InnoDB: Your database may be corrupt or you may have copied the InnoDB tablespace but not the InnoDB log files. Please refer to https://mariadb.com/kb/en/library/innodb-recovery-modes/ for information about forcing recovery.
2026-07-31 17:15:36 0 [ERROR] InnoDB: Page [page id: space=0, page number=215] log sequence number 77625566 is in the future! Current system log sequence number 77615999.
2026-07-31 17:15:36 0 [ERROR] InnoDB: Your database may be corrupt or you may have copied the InnoDB tablespace but not the InnoDB log files. Please refer to https://mariadb.com/kb/en/library/innodb-recovery-modes/ for information about forcing recovery.
2026-07-31 17:15:36 0 [ERROR] InnoDB: Page [page id: space=0, page number=301] log sequence number 77625566 is in the future! Current system log sequence number 77615999.
2026-07-31 17:15:36 0 [ERROR] InnoDB: Your database may be corrupt or you may have copied the InnoDB tablespace but not the InnoDB log files. Please refer to https://mariadb.com/kb/en/library/innodb-recovery-modes/ for information about forcing recovery.
2026-07-31 17:15:36 0 [ERROR] InnoDB: Page [page id: space=0, page number=260] log sequence number 77619627 is in the future! Current system log sequence number 77615999.
2026-07-31 17:15:36 0 [ERROR] InnoDB: Your database may be corrupt or you may have copied the InnoDB tablespace but not the InnoDB log files. Please refer to https://mariadb.com/kb/en/library/innodb-recovery-modes/ for information about forcing recovery.
2026-07-31 17:15:36 0 [ERROR] InnoDB: Page [page id: space=0, page number=480] log sequence number 77619627 is in the future! Current system log sequence number 77615999.
2026-07-31 17:15:36 0 [ERROR] InnoDB: Your database may be corrupt or you may have copied the InnoDB tablespace but not the InnoDB log files. Please refer to https://mariadb.com/kb/en/library/innodb-recovery-modes/ for information about forcing recovery.
2026-07-31 17:15:36 0 [ERROR] InnoDB: Page [page id: space=0, page number=261] log sequence number 77619671 is in the future! Current system log sequence number 77615999.
2026-07-31 17:15:36 0 [ERROR] InnoDB: Your database may be corrupt or you may have copied the InnoDB tablespace but not the InnoDB log files. Please refer to https://mariadb.com/kb/en/library/innodb-recovery-modes/ for information about forcing recovery.
2026-07-31 17:15:36 0 [ERROR] InnoDB: Page [page id: space=0, page number=402] log sequence number 77619671 is in the future! Current system log sequence number 77615999.
2026-07-31 17:15:36 0 [ERROR] InnoDB: Your database may be corrupt or you may have copied the InnoDB tablespace but not the InnoDB log files. Please refer to https://mariadb.com/kb/en/library/innodb-recovery-modes/ for information about forcing recovery.
2026-07-31 17:15:36 0 [ERROR] InnoDB: Page [page id: space=0, page number=262] log sequence number 77619731 is in the future! Current system log sequence number 77615999.
2026-07-31 17:15:36 0 [ERROR] InnoDB: Your database may be corrupt or you may have copied the InnoDB tablespace but not the InnoDB log files. Please refer to https://mariadb.com/kb/en/library/innodb-recovery-modes/ for information about forcing recovery.
2026-07-31 17:15:36 0 [ERROR] InnoDB: Page [page id: space=0, page number=424] log sequence number 77619731 is in the future! Current system log sequence number 77615999.
2026-07-31 17:15:36 0 [ERROR] InnoDB: Your database may be corrupt or you may have copied the InnoDB tablespace but not the InnoDB log files. Please refer to https://mariadb.com/kb/en/library/innodb-recovery-modes/ for information about forcing recovery.
2026-07-31 17:15:36 0 [ERROR] InnoDB: Page [page id: space=0, page number=263] log sequence number 77619866 is in the future! Current system log sequence number 77615999.
2026-07-31 17:15:36 0 [ERROR] InnoDB: Your database may be corrupt or you may have copied the InnoDB tablespace but not the InnoDB log files. Please refer to https://mariadb.com/kb/en/library/innodb-recovery-modes/ for information about forcing recovery.
2026-07-31 17:15:36 0 [ERROR] InnoDB: Page [page id: space=0, page number=0] log sequence number 77622328 is in the future! Current system log sequence number 77615999.
2026-07-31 17:15:36 0 [ERROR] InnoDB: Your database may be corrupt or you may have copied the InnoDB tablespace but not the InnoDB log files. Please refer to https://mariadb.com/kb/en/library/innodb-recovery-modes/ for information about forcing recovery.
2026-07-31 17:15:36 0 [Note] InnoDB: 128 out of 128 rollback segments are active.
2026-07-31 17:15:36 0 [Note] InnoDB: Removed temporary tablespace data file: "ibtmp1"
2026-07-31 17:15:36 0 [Note] InnoDB: Creating shared tablespace for temporary tables
2026-07-31 17:15:36 0 [Note] InnoDB: Setting file 'C:\xampp\mysql\data\ibtmp1' size to 12 MB. Physically writing the file full; Please wait ...
2026-07-31 17:15:36 0 [Note] InnoDB: File 'C:\xampp\mysql\data\ibtmp1' size is now 12 MB.
2026-07-31 17:15:36 0 [Note] InnoDB: Waiting for purge to start
2026-07-31 17:15:36 3 [ERROR] InnoDB: Page [page id: space=1689, page number=3] log sequence number 77625587 is in the future! Current system log sequence number 77615999.
2026-07-31 17:15:36 3 [ERROR] InnoDB: Your database may be corrupt or you may have copied the InnoDB tablespace but not the InnoDB log files. Please refer to https://mariadb.com/kb/en/library/innodb-recovery-modes/ for information about forcing recovery.
2026-07-31 17:15:36 0 [Note] InnoDB: 10.4.32 started; log sequence number 77615990; transaction id 80761
2026-07-31 17:15:36 0 [Note] InnoDB: Loading buffer pool(s) from C:\xampp\mysql\data\ib_buffer_pool
2026-07-31 17:15:36 0 [Note] Plugin 'FEEDBACK' is disabled.
2026-07-31 17:15:36 0 [ERROR] InnoDB: Page [page id: space=0, page number=315] log sequence number 77619866 is in the future! Current system log sequence number 77615999.
2026-07-31 17:15:36 0 [ERROR] InnoDB: Your database may be corrupt or you may have copied the InnoDB tablespace but not the InnoDB log files. Please refer to https://mariadb.com/kb/en/library/innodb-recovery-modes/ for information about forcing recovery.
2026-07-31 17:15:36 0 [Note] Server socket created on IP: '::'.
2026-08-01 21:34:05 0 [Note] Starting MariaDB 10.4.32-MariaDB source revision c4143f909528e3fab0677a28631d10389354c491 as process 16172
2026-08-01 21:34:05 0 [Note] InnoDB: Mutexes and rw_locks use Windows interlocked functions
2026-08-01 21:34:05 0 [Note] InnoDB: Uses event mutexes
2026-08-01 21:34:05 0 [Note] InnoDB: Compressed tables use zlib 1.3
2026-08-01 21:34:05 0 [Note] InnoDB: Number of pools: 1
2026-08-01 21:34:05 0 [Note] InnoDB: Using SSE2 crc32 instructions
2026-08-01 21:34:05 0 [Note] InnoDB: Initializing buffer pool, total size = 16M, instances = 1, chunk size = 16M
2026-08-01 21:34:05 0 [Note] InnoDB: Completed initialization of buffer pool
2026-08-01 21:34:05 0 [Note] InnoDB: Starting crash recovery from checkpoint LSN=80693998
2026-08-01 21:34:06 0 [Note] InnoDB: 128 out of 128 rollback segments are active.
2026-08-01 21:34:06 0 [Note] InnoDB: Removed temporary tablespace data file: "ibtmp1"
2026-08-01 21:34:06 0 [Note] InnoDB: Creating shared tablespace for temporary tables
2026-08-01 21:34:06 0 [Note] InnoDB: Setting file 'C:\xampp\mysql\data\ibtmp1' size to 12 MB. Physically writing the file full; Please wait ...
2026-08-01 21:34:06 0 [Note] InnoDB: File 'C:\xampp\mysql\data\ibtmp1' size is now 12 MB.
2026-08-01 21:34:06 0 [Note] InnoDB: Waiting for purge to start
2026-08-01 21:34:06 0 [Note] InnoDB: 10.4.32 started; log sequence number 80694007; transaction id 84365
2026-08-01 21:34:06 0 [Note] InnoDB: Loading buffer pool(s) from C:\xampp\mysql\data\ib_buffer_pool
2026-08-01 21:34:06 0 [Note] Plugin 'FEEDBACK' is disabled.
2026-08-01 21:34:06 0 [Note] InnoDB: Buffer pool(s) load completed at 260801 21:34:06
2026-08-01 21:34:06 0 [Note] Server socket created on IP: '::'.
2026-08-02 11:06:19 0 [Note] Starting MariaDB 10.4.32-MariaDB source revision c4143f909528e3fab0677a28631d10389354c491 as process 11276
2026-08-02 11:06:19 0 [Note] InnoDB: Mutexes and rw_locks use Windows interlocked functions
2026-08-02 11:06:19 0 [Note] InnoDB: Uses event mutexes
2026-08-02 11:06:19 0 [Note] InnoDB: Compressed tables use zlib 1.3
2026-08-02 11:06:19 0 [Note] InnoDB: Number of pools: 1
2026-08-02 11:06:19 0 [Note] InnoDB: Using SSE2 crc32 instructions
2026-08-02 11:06:19 0 [Note] InnoDB: Initializing buffer pool, total size = 16M, instances = 1, chunk size = 16M
2026-08-02 11:06:19 0 [Note] InnoDB: Completed initialization of buffer pool
2026-08-02 11:06:19 0 [Note] InnoDB: Starting crash recovery from checkpoint LSN=80694016
2026-08-02 11:06:20 0 [Note] InnoDB: 128 out of 128 rollback segments are active.
2026-08-02 11:06:20 0 [Note] InnoDB: Removed temporary tablespace data file: "ibtmp1"
2026-08-02 11:06:20 0 [Note] InnoDB: Creating shared tablespace for temporary tables
2026-08-02 11:06:20 0 [Note] InnoDB: Setting file 'C:\xampp\mysql\data\ibtmp1' size to 12 MB. Physically writing the file full; Please wait ...
2026-08-02 11:06:20 0 [Note] InnoDB: File 'C:\xampp\mysql\data\ibtmp1' size is now 12 MB.
2026-08-02 11:06:20 0 [Note] InnoDB: Waiting for purge to start
2026-08-02 11:06:20 0 [Note] InnoDB: 10.4.32 started; log sequence number 80694025; transaction id 84365
2026-08-02 11:06:20 0 [Note] InnoDB: Loading buffer pool(s) from C:\xampp\mysql\data\ib_buffer_pool
2026-08-02 11:06:20 0 [Note] Plugin 'FEEDBACK' is disabled.
2026-08-02 11:06:20 0 [Note] InnoDB: Buffer pool(s) load completed at 260802 11:06:20
2026-08-02 11:06:20 0 [Note] Server socket created on IP: '::'.
2026-08-03 11:06:16 0 [Note] Starting MariaDB 10.4.32-MariaDB source revision c4143f909528e3fab0677a28631d10389354c491 as process 11024
2026-08-03 11:06:16 0 [Note] InnoDB: Mutexes and rw_locks use Windows interlocked functions
2026-08-03 11:06:16 0 [Note] InnoDB: Uses event mutexes
2026-08-03 11:06:16 0 [Note] InnoDB: Compressed tables use zlib 1.3
2026-08-03 11:06:16 0 [Note] InnoDB: Number of pools: 1
2026-08-03 11:06:16 0 [Note] InnoDB: Using SSE2 crc32 instructions
2026-08-03 11:06:16 0 [Note] InnoDB: Initializing buffer pool, total size = 16M, instances = 1, chunk size = 16M
2026-08-03 11:06:16 0 [Note] InnoDB: Completed initialization of buffer pool
2026-08-03 11:06:16 0 [Note] InnoDB: Starting crash recovery from checkpoint LSN=90837335
2026-08-03 11:06:17 0 [Note] InnoDB: 128 out of 128 rollback segments are active.
2026-08-03 11:06:17 0 [Note] InnoDB: Removed temporary tablespace data file: "ibtmp1"
2026-08-03 11:06:17 0 [Note] InnoDB: Creating shared tablespace for temporary tables
2026-08-03 11:06:17 0 [Note] InnoDB: Setting file 'C:\xampp\mysql\data\ibtmp1' size to 12 MB. Physically writing the file full; Please wait ...
2026-08-03 11:06:17 0 [Note] InnoDB: File 'C:\xampp\mysql\data\ibtmp1' size is now 12 MB.
2026-08-03 11:06:17 0 [Note] InnoDB: Waiting for purge to start
2026-08-03 11:06:17 0 [Note] InnoDB: 10.4.32 started; log sequence number 90837344; transaction id 93529
2026-08-03 11:06:17 0 [Note] InnoDB: Loading buffer pool(s) from C:\xampp\mysql\data\ib_buffer_pool
2026-08-03 11:06:17 0 [Note] Plugin 'FEEDBACK' is disabled.
2026-08-03 11:06:17 0 [Note] InnoDB: Buffer pool(s) load completed at 260803 11:06:17
2026-08-03 11:06:17 0 [Note] Server socket created on IP: '::'.
2026-08-04  8:29:14 0 [Note] Starting MariaDB 10.4.32-MariaDB source revision c4143f909528e3fab0677a28631d10389354c491 as process 4008
2026-08-04  8:29:14 0 [Note] InnoDB: Mutexes and rw_locks use Windows interlocked functions
2026-08-04  8:29:14 0 [Note] InnoDB: Uses event mutexes
2026-08-04  8:29:14 0 [Note] InnoDB: Compressed tables use zlib 1.3
2026-08-04  8:29:14 0 [Note] InnoDB: Number of pools: 1
2026-08-04  8:29:14 0 [Note] InnoDB: Using SSE2 crc32 instructions
2026-08-04  8:29:14 0 [Note] InnoDB: Initializing buffer pool, total size = 16M, instances = 1, chunk size = 16M
2026-08-04  8:29:14 0 [Note] InnoDB: Completed initialization of buffer pool
2026-08-04  8:29:14 0 [Note] InnoDB: Starting crash recovery from checkpoint LSN=95893085
2026-08-04  8:29:15 0 [Note] InnoDB: 128 out of 128 rollback segments are active.
2026-08-04  8:29:15 0 [Note] InnoDB: Removed temporary tablespace data file: "ibtmp1"
2026-08-04  8:29:15 0 [Note] InnoDB: Creating shared tablespace for temporary tables
2026-08-04  8:29:15 0 [Note] InnoDB: Setting file 'C:\xampp\mysql\data\ibtmp1' size to 12 MB. Physically writing the file full; Please wait ...
2026-08-04  8:29:15 0 [Note] InnoDB: File 'C:\xampp\mysql\data\ibtmp1' size is now 12 MB.
2026-08-04  8:29:15 0 [Note] InnoDB: Waiting for purge to start
2026-08-04  8:29:15 0 [Note] InnoDB: 10.4.32 started; log sequence number 95893094; transaction id 97857
2026-08-04  8:29:15 0 [Note] InnoDB: Loading buffer pool(s) from C:\xampp\mysql\data\ib_buffer_pool
2026-08-04  8:29:15 0 [Note] Plugin 'FEEDBACK' is disabled.
2026-08-04  8:29:15 0 [Note] InnoDB: Buffer pool(s) load completed at 260804  8:29:15
2026-08-04  8:29:15 0 [Note] Server socket created on IP: '::'.
2026-08-05  6:08:16 0 [Note] Starting MariaDB 10.4.32-MariaDB source revision c4143f909528e3fab0677a28631d10389354c491 as process 22888
2026-08-05  6:08:16 0 [Note] InnoDB: Mutexes and rw_locks use Windows interlocked functions
2026-08-05  6:08:16 0 [Note] InnoDB: Uses event mutexes
2026-08-05  6:08:16 0 [Note] InnoDB: Compressed tables use zlib 1.3
2026-08-05  6:08:16 0 [Note] InnoDB: Number of pools: 1
2026-08-05  6:08:16 0 [Note] InnoDB: Using SSE2 crc32 instructions
2026-08-05  6:08:16 0 [Note] InnoDB: Initializing buffer pool, total size = 16M, instances = 1, chunk size = 16M
2026-08-05  6:08:16 0 [Note] InnoDB: Completed initialization of buffer pool
2026-08-05  6:08:16 0 [Note] InnoDB: Starting crash recovery from checkpoint LSN=101367102
2026-08-05  6:08:17 0 [Note] InnoDB: 128 out of 128 rollback segments are active.
2026-08-05  6:08:17 0 [Note] InnoDB: Removed temporary tablespace data file: "ibtmp1"
2026-08-05  6:08:17 0 [Note] InnoDB: Creating shared tablespace for temporary tables
2026-08-05  6:08:17 0 [Note] InnoDB: Setting file 'C:\xampp\mysql\data\ibtmp1' size to 12 MB. Physically writing the file full; Please wait ...
2026-08-05  6:08:17 0 [Note] InnoDB: File 'C:\xampp\mysql\data\ibtmp1' size is now 12 MB.
2026-08-05  6:08:17 0 [Note] InnoDB: Waiting for purge to start
2026-08-05  6:08:17 0 [Note] InnoDB: 10.4.32 started; log sequence number 101367111; transaction id 102661
2026-08-05  6:08:17 0 [Note] InnoDB: Loading buffer pool(s) from C:\xampp\mysql\data\ib_buffer_pool
2026-08-05  6:08:17 0 [Note] Plugin 'FEEDBACK' is disabled.
2026-08-05  6:08:18 0 [Note] InnoDB: Buffer pool(s) load completed at 260805  6:08:18
2026-08-05  6:08:18 0 [Note] Server socket created on IP: '::'.
2026-08-05 17:09:50 0 [Note] Starting MariaDB 10.4.32-MariaDB source revision c4143f909528e3fab0677a28631d10389354c491 as process 9968
2026-08-05 17:09:50 0 [Note] InnoDB: Mutexes and rw_locks use Windows interlocked functions
2026-08-05 17:09:50 0 [Note] InnoDB: Uses event mutexes
2026-08-05 17:09:50 0 [Note] InnoDB: Compressed tables use zlib 1.3
2026-08-05 17:09:50 0 [Note] InnoDB: Number of pools: 1
2026-08-05 17:09:50 0 [Note] InnoDB: Using SSE2 crc32 instructions
2026-08-05 17:09:50 0 [Note] InnoDB: Initializing buffer pool, total size = 16M, instances = 1, chunk size = 16M
2026-08-05 17:09:50 0 [Note] InnoDB: Completed initialization of buffer pool
2026-08-05 17:09:50 0 [Note] InnoDB: Starting crash recovery from checkpoint LSN=101822276
2026-08-05 17:09:53 0 [Note] InnoDB: 128 out of 128 rollback segments are active.
2026-08-05 17:09:53 0 [Note] InnoDB: Removed temporary tablespace data file: "ibtmp1"
2026-08-05 17:09:53 0 [Note] InnoDB: Creating shared tablespace for temporary tables
2026-08-05 17:09:53 0 [Note] InnoDB: Setting file 'C:\xampp\mysql\data\ibtmp1' size to 12 MB. Physically writing the file full; Please wait ...
2026-08-05 17:09:53 0 [Note] InnoDB: File 'C:\xampp\mysql\data\ibtmp1' size is now 12 MB.
2026-08-05 17:09:53 0 [Note] InnoDB: Waiting for purge to start
2026-08-05 17:09:53 0 [Note] InnoDB: Waiting for purge to start
2026-08-05 17:09:54 0 [Note] InnoDB: 10.4.32 started; log sequence number 101822285; transaction id 102940
2026-08-05 17:09:54 0 [Note] InnoDB: Loading buffer pool(s) from C:\xampp\mysql\data\ib_buffer_pool
2026-08-05 17:09:54 0 [Note] Plugin 'FEEDBACK' is disabled.
2026-08-05 17:09:54 0 [Note] InnoDB: Buffer pool(s) load completed at 260805 17:09:54
2026-08-05 17:09:54 0 [Note] Server socket created on IP: '::'.
2026-08-05 21:38:18 0 [Note] Starting MariaDB 10.4.32-MariaDB source revision c4143f909528e3fab0677a28631d10389354c491 as process 8236
2026-08-05 21:38:18 0 [Note] InnoDB: Mutexes and rw_locks use Windows interlocked functions
2026-08-05 21:38:18 0 [Note] InnoDB: Uses event mutexes
2026-08-05 21:38:18 0 [Note] InnoDB: Compressed tables use zlib 1.3
2026-08-05 21:38:18 0 [Note] InnoDB: Number of pools: 1
2026-08-05 21:38:18 0 [Note] InnoDB: Using SSE2 crc32 instructions
2026-08-05 21:38:18 0 [Note] InnoDB: Initializing buffer pool, total size = 16M, instances = 1, chunk size = 16M
2026-08-05 21:38:18 0 [Note] InnoDB: Completed initialization of buffer pool
2026-08-05 21:38:18 0 [Note] InnoDB: Starting crash recovery from checkpoint LSN=101849162
2026-08-05 21:38:18 0 [Note] InnoDB: 128 out of 128 rollback segments are active.
2026-08-05 21:38:18 0 [Note] InnoDB: Removed temporary tablespace data file: "ibtmp1"
2026-08-05 21:38:18 0 [Note] InnoDB: Creating shared tablespace for temporary tables
2026-08-05 21:38:18 0 [Note] InnoDB: Setting file 'C:\xampp\mysql\data\ibtmp1' size to 12 MB. Physically writing the file full; Please wait ...
2026-08-05 21:38:18 0 [Note] InnoDB: File 'C:\xampp\mysql\data\ibtmp1' size is now 12 MB.
2026-08-05 21:38:18 0 [Note] InnoDB: Waiting for purge to start
2026-08-05 21:38:18 0 [Note] InnoDB: 10.4.32 started; log sequence number 101849171; transaction id 103046
2026-08-05 21:38:18 0 [Note] InnoDB: Loading buffer pool(s) from C:\xampp\mysql\data\ib_buffer_pool
2026-08-05 21:38:18 0 [Note] Plugin 'FEEDBACK' is disabled.
2026-08-05 21:38:18 0 [Note] Server socket created on IP: '::'.
2026-08-05 21:56:40 0 [Note] Starting MariaDB 10.4.32-MariaDB source revision c4143f909528e3fab0677a28631d10389354c491 as process 9764
2026-08-05 21:56:41 0 [Note] InnoDB: Mutexes and rw_locks use Windows interlocked functions
2026-08-05 21:56:41 0 [Note] InnoDB: Uses event mutexes
2026-08-05 21:56:41 0 [Note] InnoDB: Compressed tables use zlib 1.3
2026-08-05 21:56:41 0 [Note] InnoDB: Number of pools: 1
2026-08-05 21:56:41 0 [Note] InnoDB: Using SSE2 crc32 instructions
2026-08-05 21:56:41 0 [Note] InnoDB: Initializing buffer pool, total size = 16M, instances = 1, chunk size = 16M
2026-08-05 21:56:41 0 [Note] InnoDB: Completed initialization of buffer pool
2026-08-05 21:56:41 0 [Note] InnoDB: Starting crash recovery from checkpoint LSN=101849162
2026-08-05 21:56:41 0 [Warning] InnoDB: Ignoring a doublewrite copy of page [page id: space=0, page number=232] with future log sequence number 101851534
2026-08-05 21:56:41 0 [Warning] InnoDB: Ignoring a doublewrite copy of page [page id: space=0, page number=316] with future log sequence number 101851534
2026-08-05 21:56:41 0 [Warning] InnoDB: Ignoring a doublewrite copy of page [page id: space=0, page number=231] with future log sequence number 101851490
2026-08-05 21:56:41 0 [Warning] InnoDB: Ignoring a doublewrite copy of page [page id: space=0, page number=482] with future log sequence number 101851490
2026-08-05 21:56:41 0 [Warning] InnoDB: Ignoring a doublewrite copy of page [page id: space=0, page number=230] with future log sequence number 101851446
2026-08-05 21:56:41 0 [Warning] InnoDB: Ignoring a doublewrite copy of page [page id: space=0, page number=463] with future log sequence number 101851446
2026-08-05 21:56:41 0 [Warning] InnoDB: Ignoring a doublewrite copy of page [page id: space=0, page number=229] with future log sequence number 101851402
2026-08-05 21:56:41 0 [Warning] InnoDB: Ignoring a doublewrite copy of page [page id: space=0, page number=446] with future log sequence number 101851402
2026-08-05 21:56:41 0 [Warning] InnoDB: Ignoring a doublewrite copy of page [page id: space=0, page number=193] with future log sequence number 101851358
2026-08-05 21:56:41 0 [Warning] InnoDB: Ignoring a doublewrite copy of page [page id: space=0, page number=488] with future log sequence number 101851358
2026-08-05 21:56:41 0 [Warning] InnoDB: Ignoring a doublewrite copy of page [page id: space=0, page number=192] with future log sequence number 101851314
2026-08-05 21:56:41 0 [Warning] InnoDB: Ignoring a doublewrite copy of page [page id: space=0, page number=392] with future log sequence number 101851314
2026-08-05 21:56:41 0 [Warning] InnoDB: Ignoring a doublewrite copy of page [page id: space=0, page number=63] with future log sequence number 101851270
2026-08-05 21:56:41 0 [Warning] InnoDB: Ignoring a doublewrite copy of page [page id: space=0, page number=472] with future log sequence number 101851270
2026-08-05 21:56:41 0 [Warning] InnoDB: Ignoring a doublewrite copy of page [page id: space=0, page number=61] with future log sequence number 101851231
2026-08-05 21:56:41 0 [Warning] InnoDB: Ignoring a doublewrite copy of page [page id: space=0, page number=456] with future log sequence number 101851231
2026-08-05 21:56:41 0 [Warning] InnoDB: Ignoring a doublewrite copy of page [page id: space=0, page number=49] with future log sequence number 101851192
2026-08-05 21:56:41 0 [Warning] InnoDB: Ignoring a doublewrite copy of page [page id: space=0, page number=194] with future log sequence number 101851768
2026-08-05 21:56:41 0 [Warning] InnoDB: Ignoring a doublewrite copy of page [page id: space=2053, page number=3] with future log sequence number 101851789
2026-08-05 21:56:41 0 [Warning] InnoDB: Ignoring a doublewrite copy of page [page id: space=0, page number=473] with future log sequence number 101851768
2026-08-05 21:56:41 0 [ERROR] InnoDB: Page [page id: space=0, page number=48] log sequence number 101851153 is in the future! Current system log sequence number 101849180.
2026-08-05 21:56:41 0 [ERROR] InnoDB: Your database may be corrupt or you may have copied the InnoDB tablespace but not the InnoDB log files. Please refer to https://mariadb.com/kb/en/library/innodb-recovery-modes/ for information about forcing recovery.
2026-08-05 21:56:41 0 [ERROR] InnoDB: Page [page id: space=0, page number=471] log sequence number 101851153 is in the future! Current system log sequence number 101849180.
2026-08-05 21:56:41 0 [ERROR] InnoDB: Your database may be corrupt or you may have copied the InnoDB tablespace but not the InnoDB log files. Please refer to https://mariadb.com/kb/en/library/innodb-recovery-modes/ for information about forcing recovery.
2026-08-05 21:56:41 0 [ERROR] InnoDB: Page [page id: space=0, page number=49] log sequence number 101851192 is in the future! Current system log sequence number 101849180.
2026-08-05 21:56:41 0 [ERROR] InnoDB: Your database may be corrupt or you may have copied the InnoDB tablespace but not the InnoDB log files. Please refer to https://mariadb.com/kb/en/library/innodb-recovery-modes/ for information about forcing recovery.
2026-08-05 21:56:41 0 [ERROR] InnoDB: Page [page id: space=0, page number=416] log sequence number 101851192 is in the future! Current system log sequence number 101849180.
2026-08-05 21:56:41 0 [ERROR] InnoDB: Your database may be corrupt or you may have copied the InnoDB tablespace but not the InnoDB log files. Please refer to https://mariadb.com/kb/en/library/innodb-recovery-modes/ for information about forcing recovery.
2026-08-05 21:56:41 0 [ERROR] InnoDB: Page [page id: space=0, page number=61] log sequence number 101851231 is in the future! Current system log sequence number 101849180.
2026-08-05 21:56:41 0 [ERROR] InnoDB: Your database may be corrupt or you may have copied the InnoDB tablespace but not the InnoDB log files. Please refer to https://mariadb.com/kb/en/library/innodb-recovery-modes/ for information about forcing recovery.
2026-08-05 21:56:41 0 [ERROR] InnoDB: Page [page id: space=0, page number=456] log sequence number 101851231 is in the future! Current system log sequence number 101849180.
2026-08-05 21:56:41 0 [ERROR] InnoDB: Your database may be corrupt or you may have copied the InnoDB tablespace but not the InnoDB log files. Please refer to https://mariadb.com/kb/en/library/innodb-recovery-modes/ for information about forcing recovery.
2026-08-05 21:56:41 0 [ERROR] InnoDB: Page [page id: space=0, page number=63] log sequence number 101851270 is in the future! Current system log sequence number 101849180.
2026-08-05 21:56:41 0 [ERROR] InnoDB: Your database may be corrupt or you may have copied the InnoDB tablespace but not the InnoDB log files. Please refer to https://mariadb.com/kb/en/library/innodb-recovery-modes/ for information about forcing recovery.
2026-08-05 21:56:41 0 [ERROR] InnoDB: Page [page id: space=0, page number=472] log sequence number 101851270 is in the future! Current system log sequence number 101849180.
2026-08-05 21:56:41 0 [ERROR] InnoDB: Your database may be corrupt or you may have copied the InnoDB tablespace but not the InnoDB log files. Please refer to https://mariadb.com/kb/en/library/innodb-recovery-modes/ for information about forcing recovery.
2026-08-05 21:56:41 0 [ERROR] InnoDB: Page [page id: space=0, page number=192] log sequence number 101851314 is in the future! Current system log sequence number 101849180.
2026-08-05 21:56:41 0 [ERROR] InnoDB: Your database may be corrupt or you may have copied the InnoDB tablespace but not the InnoDB log files. Please refer to https://mariadb.com/kb/en/library/innodb-recovery-modes/ for information about forcing recovery.
2026-08-05 21:56:41 0 [ERROR] InnoDB: Page [page id: space=0, page number=392] log sequence number 101851314 is in the future! Current system log sequence number 101849180.
2026-08-05 21:56:41 0 [ERROR] InnoDB: Your database may be corrupt or you may have copied the InnoDB tablespace but not the InnoDB log files. Please refer to https://mariadb.com/kb/en/library/innodb-recovery-modes/ for information about forcing recovery.
2026-08-05 21:56:41 0 [ERROR] InnoDB: Page [page id: space=0, page number=193] log sequence number 101851358 is in the future! Current system log sequence number 101849180.
2026-08-05 21:56:41 0 [ERROR] InnoDB: Your database may be corrupt or you may have copied the InnoDB tablespace but not the InnoDB log files. Please refer to https://mariadb.com/kb/en/library/innodb-recovery-modes/ for information about forcing recovery.
2026-08-05 21:56:41 0 [ERROR] InnoDB: Page [page id: space=0, page number=488] log sequence number 101851358 is in the future! Current system log sequence number 101849180.
2026-08-05 21:56:41 0 [ERROR] InnoDB: Your database may be corrupt or you may have copied the InnoDB tablespace but not the InnoDB log files. Please refer to https://mariadb.com/kb/en/library/innodb-recovery-modes/ for information about forcing recovery.
2026-08-05 21:56:41 0 [ERROR] InnoDB: Page [page id: space=0, page number=194] log sequence number 101851768 is in the future! Current system log sequence number 101849180.
2026-08-05 21:56:41 0 [ERROR] InnoDB: Your database may be corrupt or you may have copied the InnoDB tablespace but not the InnoDB log files. Please refer to https://mariadb.com/kb/en/library/innodb-recovery-modes/ for information about forcing recovery.
2026-08-05 21:56:41 0 [ERROR] InnoDB: Page [page id: space=0, page number=473] log sequence number 101851768 is in the future! Current system log sequence number 101849180.
2026-08-05 21:56:41 0 [ERROR] InnoDB: Your database may be corrupt or you may have copied the InnoDB tablespace but not the InnoDB log files. Please refer to https://mariadb.com/kb/en/library/innodb-recovery-modes/ for information about forcing recovery.
2026-08-05 21:56:41 0 [ERROR] InnoDB: Page [page id: space=0, page number=229] log sequence number 101851402 is in the future! Current system log sequence number 101849180.
2026-08-05 21:56:41 0 [ERROR] InnoDB: Your database may be corrupt or you may have copied the InnoDB tablespace but not the InnoDB log files. Please refer to https://mariadb.com/kb/en/library/innodb-recovery-modes/ for information about forcing recovery.
2026-08-05 21:56:41 0 [ERROR] InnoDB: Page [page id: space=0, page number=446] log sequence number 101851402 is in the future! Current system log sequence number 101849180.
2026-08-05 21:56:41 0 [ERROR] InnoDB: Your database may be corrupt or you may have copied the InnoDB tablespace but not the InnoDB log files. Please refer to https://mariadb.com/kb/en/library/innodb-recovery-modes/ for information about forcing recovery.
2026-08-05 21:56:41 0 [ERROR] InnoDB: Page [page id: space=0, page number=230] log sequence number 101851446 is in the future! Current system log sequence number 101849180.
2026-08-05 21:56:41 0 [ERROR] InnoDB: Your database may be corrupt or you may have copied the InnoDB tablespace but not the InnoDB log files. Please refer to https://mariadb.com/kb/en/library/innodb-recovery-modes/ for information about forcing recovery.
2026-08-05 21:56:41 0 [ERROR] InnoDB: Page [page id: space=0, page number=463] log sequence number 101851446 is in the future! Current system log sequence number 101849180.
2026-08-05 21:56:41 0 [ERROR] InnoDB: Your database may be corrupt or you may have copied the InnoDB tablespace but not the InnoDB log files. Please refer to https://mariadb.com/kb/en/library/innodb-recovery-modes/ for information about forcing recovery.
2026-08-05 21:56:41 0 [ERROR] InnoDB: Page [page id: space=0, page number=231] log sequence number 101851490 is in the future! Current system log sequence number 101849180.
2026-08-05 21:56:41 0 [ERROR] InnoDB: Your database may be corrupt or you may have copied the InnoDB tablespace but not the InnoDB log files. Please refer to https://mariadb.com/kb/en/library/innodb-recovery-modes/ for information about forcing recovery.
2026-08-05 21:56:41 0 [ERROR] InnoDB: Page [page id: space=0, page number=482] log sequence number 101851490 is in the future! Current system log sequence number 101849180.
2026-08-05 21:56:41 0 [ERROR] InnoDB: Your database may be corrupt or you may have copied the InnoDB tablespace but not the InnoDB log files. Please refer to https://mariadb.com/kb/en/library/innodb-recovery-modes/ for information about forcing recovery.
2026-08-05 21:56:41 0 [ERROR] InnoDB: Page [page id: space=0, page number=232] log sequence number 101851534 is in the future! Current system log sequence number 101849180.
2026-08-05 21:56:41 0 [ERROR] InnoDB: Your database may be corrupt or you may have copied the InnoDB tablespace but not the InnoDB log files. Please refer to https://mariadb.com/kb/en/library/innodb-recovery-modes/ for information about forcing recovery.
2026-08-05 21:56:41 0 [ERROR] InnoDB: Page [page id: space=0, page number=316] log sequence number 101851534 is in the future! Current system log sequence number 101849180.
2026-08-05 21:56:41 0 [ERROR] InnoDB: Your database may be corrupt or you may have copied the InnoDB tablespace but not the InnoDB log files. Please refer to https://mariadb.com/kb/en/library/innodb-recovery-modes/ for information about forcing recovery.
2026-08-05 21:56:41 0 [Note] InnoDB: 128 out of 128 rollback segments are active.
2026-08-05 21:56:41 0 [Note] InnoDB: Removed temporary tablespace data file: "ibtmp1"
2026-08-05 21:56:41 0 [Note] InnoDB: Creating shared tablespace for temporary tables
2026-08-05 21:56:41 0 [Note] InnoDB: Setting file 'C:\xampp\mysql\data\ibtmp1' size to 12 MB. Physically writing the file full; Please wait ...
2026-08-05 21:56:41 0 [Note] InnoDB: File 'C:\xampp\mysql\data\ibtmp1' size is now 12 MB.
2026-08-05 21:56:41 0 [Note] InnoDB: Waiting for purge to start
2026-08-05 21:56:41 4 [ERROR] InnoDB: Page [page id: space=2053, page number=3] log sequence number 101851789 is in the future! Current system log sequence number 101849180.
2026-08-05 21:56:41 4 [ERROR] InnoDB: Your database may be corrupt or you may have copied the InnoDB tablespace but not the InnoDB log files. Please refer to https://mariadb.com/kb/en/library/innodb-recovery-modes/ for information about forcing recovery.
2026-08-05 21:56:41 0 [Note] InnoDB: 10.4.32 started; log sequence number 101849171; transaction id 103076
2026-08-05 21:56:41 0 [Note] InnoDB: Loading buffer pool(s) from C:\xampp\mysql\data\ib_buffer_pool
2026-08-05 21:56:41 0 [Note] Plugin 'FEEDBACK' is disabled.
2026-08-05 21:56:41 0 [Note] Server socket created on IP: '::'.
2026-08-05 22:10:21 0 [Note] Starting MariaDB 10.4.32-MariaDB source revision c4143f909528e3fab0677a28631d10389354c491 as process 23316
2026-08-05 22:10:21 0 [Note] InnoDB: Mutexes and rw_locks use Windows interlocked functions
2026-08-05 22:10:21 0 [Note] InnoDB: Uses event mutexes
2026-08-05 22:10:21 0 [Note] InnoDB: Compressed tables use zlib 1.3
2026-08-05 22:10:21 0 [Note] InnoDB: Number of pools: 1
2026-08-05 22:10:21 0 [Note] InnoDB: Using SSE2 crc32 instructions
2026-08-05 22:10:21 0 [Note] InnoDB: Initializing buffer pool, total size = 16M, instances = 1, chunk size = 16M
2026-08-05 22:10:21 0 [Note] InnoDB: Completed initialization of buffer pool
2026-08-05 22:10:21 0 [Note] InnoDB: Starting crash recovery from checkpoint LSN=101866976
2026-08-05 22:10:22 0 [Note] InnoDB: 128 out of 128 rollback segments are active.
2026-08-05 22:10:22 0 [Note] InnoDB: Removed temporary tablespace data file: "ibtmp1"
2026-08-05 22:10:22 0 [Note] InnoDB: Creating shared tablespace for temporary tables
2026-08-05 22:10:22 0 [Note] InnoDB: Setting file 'C:\xampp\mysql\data\ibtmp1' size to 12 MB. Physically writing the file full; Please wait ...
2026-08-05 22:10:22 0 [Note] InnoDB: File 'C:\xampp\mysql\data\ibtmp1' size is now 12 MB.
2026-08-05 22:10:22 0 [Note] InnoDB: Waiting for purge to start
2026-08-05 22:10:22 0 [Note] InnoDB: 10.4.32 started; log sequence number 101866985; transaction id 103139
2026-08-05 22:10:22 0 [Note] InnoDB: Loading buffer pool(s) from C:\xampp\mysql\data\ib_buffer_pool
2026-08-05 22:10:22 0 [Note] Plugin 'FEEDBACK' is disabled.
2026-08-05 22:10:22 0 [Note] Server socket created on IP: '::'.
2026-08-05 22:10:25 0 [Note] Starting MariaDB 10.4.32-MariaDB source revision c4143f909528e3fab0677a28631d10389354c491 as process 17120
2026-08-05 22:10:25 0 [Note] InnoDB: Mutexes and rw_locks use Windows interlocked functions
2026-08-05 22:10:25 0 [Note] InnoDB: Uses event mutexes
2026-08-05 22:10:25 0 [Note] InnoDB: Compressed tables use zlib 1.3
2026-08-05 22:10:25 0 [Note] InnoDB: Number of pools: 1
2026-08-05 22:10:25 0 [Note] InnoDB: Using SSE2 crc32 instructions
2026-08-05 22:10:25 0 [Note] InnoDB: Initializing buffer pool, total size = 16M, instances = 1, chunk size = 16M
2026-08-05 22:10:25 0 [Note] InnoDB: Completed initialization of buffer pool
2026-08-05 22:10:25 0 [Note] InnoDB: Starting crash recovery from checkpoint LSN=101866976
2026-08-05 22:10:25 0 [Note] InnoDB: 128 out of 128 rollback segments are active.
2026-08-05 22:10:25 0 [Note] InnoDB: Removed temporary tablespace data file: "ibtmp1"
2026-08-05 22:10:25 0 [Note] InnoDB: Creating shared tablespace for temporary tables
2026-08-05 22:10:25 0 [Note] InnoDB: Setting file 'C:\xampp\mysql\data\ibtmp1' size to 12 MB. Physically writing the file full; Please wait ...
2026-08-05 22:10:25 0 [Note] InnoDB: File 'C:\xampp\mysql\data\ibtmp1' size is now 12 MB.
2026-08-05 22:10:25 0 [Note] InnoDB: Waiting for purge to start
2026-08-05 22:10:25 0 [Note] InnoDB: 10.4.32 started; log sequence number 101866985; transaction id 103139
2026-08-05 22:10:25 0 [Note] InnoDB: Loading buffer pool(s) from C:\xampp\mysql\data\ib_buffer_pool
2026-08-05 22:10:25 0 [Note] Plugin 'FEEDBACK' is disabled.
2026-08-05 22:10:25 0 [Note] Server socket created on IP: '::'.
2026-08-05 22:10:25 0x5e18  InnoDB: Assertion failure in file D:\winx64-packages\build\src\storage\innobase\os\os0file.cc line 6132
InnoDB: Failing assertion: slot
InnoDB: We intentionally generate a memory trap.
InnoDB: Submit a detailed bug report to https://jira.mariadb.org/
InnoDB: If you get repeated assertion failures or crashes, even
InnoDB: immediately after the mysqld startup, there may be
InnoDB: corruption in the InnoDB tablespace. Please refer to
InnoDB: https://mariadb.com/kb/en/library/innodb-recovery-modes/
InnoDB: about forcing recovery.
2026-08-05 22:10:25 0x2408  InnoDB: Assertion failure in file260805 22:10:25  [ERROR] mysqld got exception 0x80000003 ;
DSorry, we probably made a mistake, and this is a bug.

Your assistance in bug reporting will enable us to fix this for the next release.
To report this bug, see https://mariadb.com/kb/en/reporting-bugs

:We will try our best to scrape up some info that will hopefully help
diagnose the problem, but since we have already crashed, 
something is definitely wrong and this may fail.

\Server version: 10.4.32-MariaDB source revision: c4143f909528e3fab0677a28631d10389354c491
wkey_buffer_size=16777216
iread_buffer_size=262144
nmax_used_connections=0
xmax_threads=65537
6thread_count=6
4It is possible that mysqld could use up to 
key_buffer_size + (read_buffer_size + sort_buffer_size)*max_threads = 20304 K  bytes of memory
-Hope that's ok; if not, decrease some variables in the equation.

pThread pointer: 0x0
aAttempting backtrace. You can use the following information to find out
where mysqld died. If you see no messages after this, something went
terribly wrong...
ckages\build\src\storage\innobase\os\os0file.cc line 6132
InnoDB: Failing assertion: slot
InnoDB: We intentionally generate a memory trap.
InnoDB: Submit a detailed bug report to https://jira.mariadb.org/
InnoDB: If you get repeated assertion failures or crashes, even
InnoDB: immediately after the mysqld startup, there may be
InnoDB: corruption in the InnoDB tablespace. Please refer to
InnoDB: https://mariadb.com/kb/en/library/innodb-recovery-modes/
InnoDB: about forcing recovery.
2026-08-05 22:10:25 02026-08-05 22:10:41 0 [Note] Starting MariaDB 10.4.32-MariaDB source revision c4143f909528e3fab0677a28631d10389354c491 as process 20932
2026-08-05 22:10:41 0 [Note] InnoDB: Mutexes and rw_locks use Windows interlocked functions
2026-08-05 22:10:41 0 [Note] InnoDB: Uses event mutexes
2026-08-05 22:10:41 0 [Note] InnoDB: Compressed tables use zlib 1.3
2026-08-05 22:10:41 0 [Note] InnoDB: Number of pools: 1
2026-08-05 22:10:41 0 [Note] InnoDB: Using SSE2 crc32 instructions
2026-08-05 22:10:41 0 [Note] InnoDB: Initializing buffer pool, total size = 16M, instances = 1, chunk size = 16M
2026-08-05 22:10:41 0 [Note] InnoDB: Completed initialization of buffer pool
2026-08-05 22:10:41 0 [Note] InnoDB: Starting crash recovery from checkpoint LSN=101866976
2026-08-05 22:10:41 0 [Note] InnoDB: 128 out of 128 rollback segments are active.
2026-08-05 22:10:41 0 [Note] InnoDB: Removed temporary tablespace data file: "ibtmp1"
2026-08-05 22:10:41 0 [Note] InnoDB: Creating shared tablespace for temporary tables
2026-08-05 22:10:41 0 [Note] InnoDB: Setting file 'C:\xampp\mysql\data\ibtmp1' size to 12 MB. Physically writing the file full; Please wait ...
2026-08-05 22:10:41 0 [Note] InnoDB: File 'C:\xampp\mysql\data\ibtmp1' size is now 12 MB.
2026-08-05 22:10:41 0 [Note] InnoDB: Waiting for purge to start
2026-08-05 22:10:41 0 [Note] InnoDB: 10.4.32 started; log sequence number 101866985; transaction id 103139
2026-08-05 22:10:41 0 [Note] InnoDB: Loading buffer pool(s) from C:\xampp\mysql\data\ib_buffer_pool
2026-08-05 22:10:41 0 [Note] Plugin 'FEEDBACK' is disabled.
2026-08-05 22:10:41 0 [Note] Zerofilling moved table:  '.\mysql\plugin'
2026-08-05 22:10:41 0 [Note] InnoDB: Buffer pool(s) load completed at 260805 22:10:41
2026-08-05 22:10:41 0 [Note] Zerofilling moved table:  '.\mysql\servers'
2026-08-05 22:10:41 0 [Note] Server socket created on IP: '::'.
2026-08-05 22:10:43 0 [Note] Starting MariaDB 10.4.32-MariaDB source revision c4143f909528e3fab0677a28631d10389354c491 as process 4068
2026-08-05 22:10:43 0 [Note] InnoDB: Mutexes and rw_locks use Windows interlocked functions
2026-08-05 22:10:43 0 [Note] InnoDB: Uses event mutexes
2026-08-05 22:10:43 0 [Note] InnoDB: Compressed tables use zlib 1.3
2026-08-05 22:10:43 0 [Note] InnoDB: Number of pools: 1
2026-08-05 22:10:43 0 [Note] InnoDB: Using SSE2 crc32 instructions
2026-08-05 22:10:43 0 [Note] InnoDB: Initializing buffer pool, total size = 16M, instances = 1, chunk size = 16M
2026-08-05 22:10:43 0 [Note] InnoDB: Completed initialization of buffer pool
2026-08-05 22:10:43 0 [Note] InnoDB: Starting crash recovery from checkpoint LSN=101866976
2026-08-05 22:10:43 0 [Note] InnoDB: 128 out of 128 rollback segments are active.
2026-08-05 22:10:43 0 [Note] InnoDB: Removed temporary tablespace data file: "ibtmp1"
2026-08-05 22:10:43 0 [Note] InnoDB: Creating shared tablespace for temporary tables
2026-08-05 22:10:43 0 [Note] InnoDB: Setting file 'C:\xampp\mysql\data\ibtmp1' size to 12 MB. Physically writing the file full; Please wait ...
2026-08-05 22:10:43 0 [Note] InnoDB: File 'C:\xampp\mysql\data\ibtmp1' size is now 12 MB.
2026-08-05 22:10:43 0 [Note] InnoDB: Waiting for purge to start
2026-08-05 22:10:43 0 [Note] InnoDB: 10.4.32 started; log sequence number 101866985; transaction id 103139
2026-08-05 22:10:43 0 [Note] InnoDB: Loading buffer pool(s) from C:\xampp\mysql\data\ib_buffer_pool
2026-08-05 22:10:43 0 [Note] Plugin 'FEEDBACK' is disabled.
2026-08-05 22:10:43 0 [Note] Server socket created on IP: '::'.
2026-08-06 10:14:55 0 [Note] Starting MariaDB 10.4.32-MariaDB source revision c4143f909528e3fab0677a28631d10389354c491 as process 10848
2026-08-06 10:14:55 0 [Note] mysqld.exe: Aria engine: starting recovery
recovered pages: 0% 100% (0.0 seconds); 
2026-08-06 10:14:55 0 [Note] mysqld.exe: Aria engine: recovery done
2026-08-06 10:14:55 0 [Note] InnoDB: Mutexes and rw_locks use Windows interlocked functions
2026-08-06 10:14:55 0 [Note] InnoDB: Uses event mutexes
2026-08-06 10:14:55 0 [Note] InnoDB: Compressed tables use zlib 1.3
2026-08-06 10:14:55 0 [Note] InnoDB: Number of pools: 1
2026-08-06 10:14:55 0 [Note] InnoDB: Using SSE2 crc32 instructions
2026-08-06 10:14:55 0 [Note] InnoDB: Initializing buffer pool, total size = 16M, instances = 1, chunk size = 16M
2026-08-06 10:14:55 0 [Note] InnoDB: Completed initialization of buffer pool
2026-08-06 10:14:55 0 [Note] InnoDB: Starting crash recovery from checkpoint LSN=101876054
2026-08-06 10:14:55 0 [Note] InnoDB: 128 out of 128 rollback segments are active.
2026-08-06 10:14:56 0 [Note] InnoDB: Removed temporary tablespace data file: "ibtmp1"
2026-08-06 10:14:56 0 [Note] InnoDB: Creating shared tablespace for temporary tables
2026-08-06 10:14:56 0 [Note] InnoDB: Setting file 'C:\xampp\mysql\data\ibtmp1' size to 12 MB. Physically writing the file full; Please wait ...
2026-08-06 10:14:56 0 [Note] InnoDB: File 'C:\xampp\mysql\data\ibtmp1' size is now 12 MB.
2026-08-06 10:14:56 0 [Note] InnoDB: Waiting for purge to start
2026-08-06 10:14:56 0 [Note] InnoDB: 10.4.32 started; log sequence number 101876063; transaction id 103198
2026-08-06 10:14:56 0 [Note] InnoDB: Loading buffer pool(s) from C:\xampp\mysql\data\ib_buffer_pool
2026-08-06 10:14:56 0 [Note] Plugin 'FEEDBACK' is disabled.
2026-08-06 10:14:56 0 [Note] Server socket created on IP: '::'.
2026-08-07  6:54:44 0 [Note] Starting MariaDB 10.4.32-MariaDB source revision c4143f909528e3fab0677a28631d10389354c491 as process 1720
2026-08-07  6:54:44 0 [Note] InnoDB: Mutexes and rw_locks use Windows interlocked functions
2026-08-07  6:54:44 0 [Note] InnoDB: Uses event mutexes
2026-08-07  6:54:44 0 [Note] InnoDB: Compressed tables use zlib 1.3
2026-08-07  6:54:44 0 [Note] InnoDB: Number of pools: 1
2026-08-07  6:54:44 0 [Note] InnoDB: Using SSE2 crc32 instructions
2026-08-07  6:54:44 0 [Note] InnoDB: Initializing buffer pool, total size = 16M, instances = 1, chunk size = 16M
2026-08-07  6:54:44 0 [Note] InnoDB: Completed initialization of buffer pool
2026-08-07  6:54:44 0 [Note] InnoDB: Starting crash recovery from checkpoint LSN=102630064
2026-08-07  6:54:44 0 [Note] InnoDB: Starting final batch to recover 1 pages from redo log.
2026-08-07  6:54:45 0 [Note] InnoDB: 128 out of 128 rollback segments are active.
2026-08-07  6:54:45 0 [Note] InnoDB: Removed temporary tablespace data file: "ibtmp1"
2026-08-07  6:54:45 0 [Note] InnoDB: Creating shared tablespace for temporary tables
2026-08-07  6:54:45 0 [Note] InnoDB: Setting file 'C:\xampp\mysql\data\ibtmp1' size to 12 MB. Physically writing the file full; Please wait ...
2026-08-07  6:54:45 0 [Note] InnoDB: File 'C:\xampp\mysql\data\ibtmp1' size is now 12 MB.
2026-08-07  6:54:45 0 [Note] InnoDB: Waiting for purge to start
2026-08-07  6:54:46 0 [Note] InnoDB: 10.4.32 started; log sequence number 102630421; transaction id 104161
2026-08-07  6:54:46 0 [Note] InnoDB: Loading buffer pool(s) from C:\xampp\mysql\data\ib_buffer_pool
2026-08-07  6:54:46 0 [Note] Plugin 'FEEDBACK' is disabled.
2026-08-07  6:54:46 0 [Note] InnoDB: Buffer pool(s) load completed at 260807  6:54:46
2026-08-07  6:54:46 0 [Note] Server socket created on IP: '::'.
2026-08-07  6:55:05 0 [Note] Starting MariaDB 10.4.32-MariaDB source revision c4143f909528e3fab0677a28631d10389354c491 as process 4280
2026-08-07  6:55:05 0 [Note] InnoDB: Mutexes and rw_locks use Windows interlocked functions
2026-08-07  6:55:05 0 [Note] InnoDB: Uses event mutexes
2026-08-07  6:55:05 0 [Note] InnoDB: Compressed tables use zlib 1.3
2026-08-07  6:55:05 0 [Note] InnoDB: Number of pools: 1
2026-08-07  6:55:05 0 [Note] InnoDB: Using SSE2 crc32 instructions
2026-08-07  6:55:05 0 [Note] InnoDB: Initializing buffer pool, total size = 16M, instances = 1, chunk size = 16M
2026-08-07  6:55:05 0 [Note] InnoDB: Completed initialization of buffer pool
2026-08-07  6:55:05 0 [Note] InnoDB: Starting crash recovery from checkpoint LSN=102629765
2026-08-07  6:55:05 0 [Note] InnoDB: Starting final batch to recover 1 pages from redo log.
2026-08-07  6:55:06 0 [Note] InnoDB: 128 out of 128 rollback segments are active.
2026-08-07  6:55:06 0 [Note] InnoDB: Removed temporary tablespace data file: "ibtmp1"
2026-08-07  6:55:06 0 [Note] InnoDB: Creating shared tablespace for temporary tables
2026-08-07  6:55:06 0 [Note] InnoDB: Setting file 'C:\xampp\mysql\data\ibtmp1' size to 12 MB. Physically writing the file full; Please wait ...
2026-08-07  6:55:06 0 [Note] InnoDB: File 'C:\xampp\mysql\data\ibtmp1' size is now 12 MB.
2026-08-07  6:55:06 0 [Note] InnoDB: Waiting for purge to start
2026-08-07  6:55:06 0 [Note] InnoDB: 10.4.32 started; log sequence number 102630479; transaction id 104161
2026-08-07  6:55:06 0 [Note] InnoDB: Loading buffer pool(s) from C:\xampp\mysql\data\ib_buffer_pool
2026-08-07  6:55:06 0 [Note] Plugin 'FEEDBACK' is disabled.
2026-08-07  6:55:06 0 [Note] Server socket created on IP: '::'.
2026-08-07  9:27:34 0 [Note] Starting MariaDB 10.4.32-MariaDB source revision c4143f909528e3fab0677a28631d10389354c491 as process 23292
2026-08-07  9:27:34 0 [Note] InnoDB: Mutexes and rw_locks use Windows interlocked functions
2026-08-07  9:27:34 0 [Note] InnoDB: Uses event mutexes
2026-08-07  9:27:34 0 [Note] InnoDB: Compressed tables use zlib 1.3
2026-08-07  9:27:34 0 [Note] InnoDB: Number of pools: 1
2026-08-07  9:27:34 0 [Note] InnoDB: Using SSE2 crc32 instructions
2026-08-07  9:27:34 0 [Note] InnoDB: Initializing buffer pool, total size = 16M, instances = 1, chunk size = 16M
2026-08-07  9:27:34 0 [Note] InnoDB: Completed initialization of buffer pool
2026-08-07  9:27:35 0 [Note] InnoDB: 128 out of 128 rollback segments are active.
2026-08-07  9:27:35 0 [Note] InnoDB: Removed temporary tablespace data file: "ibtmp1"
2026-08-07  9:27:35 0 [Note] InnoDB: Creating shared tablespace for temporary tables
2026-08-07  9:27:35 0 [Note] InnoDB: Setting file 'C:\xampp\mysql\data\ibtmp1' size to 12 MB. Physically writing the file full; Please wait ...
2026-08-07  9:27:35 0 [Note] InnoDB: File 'C:\xampp\mysql\data\ibtmp1' size is now 12 MB.
2026-08-07  9:27:35 0 [Note] InnoDB: Waiting for purge to start
2026-08-07  9:27:35 0 [Note] InnoDB: 10.4.32 started; log sequence number 102630595; transaction id 104161
2026-08-07  9:27:35 0 [Note] InnoDB: Loading buffer pool(s) from C:\xampp\mysql\data\ib_buffer_pool
2026-08-07  9:27:35 0 [Note] Plugin 'FEEDBACK' is disabled.
2026-08-07  9:27:35 0 [ERROR] InnoDB: Expected tablespace id 2 but found 4294967294 in the file .\mysql\innodb_index_stats.ibd
2026-08-07  9:27:35 0 [Note] InnoDB: trying to read page [page id: space=2, page number=0] in the background in a non-existing or being-dropped tablespace
2026-08-07  9:27:35 0 [ERROR] InnoDB: Expected tablespace id 2 but found 4294967294 in the file .\mysql\innodb_index_stats.ibd
2026-08-07  9:27:35 0 [Note] InnoDB: trying to read page [page id: space=2, page number=1] in the background in a non-existing or being-dropped tablespace
2026-08-07  9:27:35 0 [ERROR] InnoDB: Expected tablespace id 2 but found 4294967294 in the file .\mysql\innodb_index_stats.ibd
2026-08-07  9:27:35 0 [Note] InnoDB: trying to read page [page id: space=2, page number=2] in the background in a non-existing or being-dropped tablespace
2026-08-07  9:27:35 0 [ERROR] InnoDB: Expected tablespace id 2 but found 4294967294 in the file .\mysql\innodb_index_stats.ibd
2026-08-07  9:27:35 0 [Note] InnoDB: trying to read page [page id: space=2, page number=3] in the background in a non-existing or being-dropped tablespace
2026-08-07  9:27:35 0 [Note] Server socket created on IP: '::'.
2026-08-07  9:27:50 0 [Note] Starting MariaDB 10.4.32-MariaDB source revision c4143f909528e3fab0677a28631d10389354c491 as process 14700
2026-08-07  9:27:50 0 [Note] InnoDB: Mutexes and rw_locks use Windows interlocked functions
2026-08-07  9:27:50 0 [Note] InnoDB: Uses event mutexes
2026-08-07  9:27:50 0 [Note] InnoDB: Compressed tables use zlib 1.3
2026-08-07  9:27:50 0 [Note] InnoDB: Number of pools: 1
2026-08-07  9:27:50 0 [Note] InnoDB: Using SSE2 crc32 instructions
2026-08-07  9:27:50 0 [Note] InnoDB: Initializing buffer pool, total size = 16M, instances = 1, chunk size = 16M
2026-08-07  9:27:50 0 [Note] InnoDB: Completed initialization of buffer pool
2026-08-07  9:27:50 0 [Note] InnoDB: 128 out of 128 rollback segments are active.
2026-08-07  9:27:50 0 [Note] InnoDB: Creating shared tablespace for temporary tables
2026-08-07  9:27:50 0 [Note] InnoDB: Setting file 'C:\xampp\mysql\data\ibtmp1' size to 12 MB. Physically writing the file full; Please wait ...
2026-08-07  9:27:50 0 [Note] InnoDB: File 'C:\xampp\mysql\data\ibtmp1' size is now 12 MB.
2026-08-07  9:27:50 0 [Note] InnoDB: Waiting for purge to start
2026-08-07  9:27:50 0 [Note] InnoDB: 10.4.32 started; log sequence number 102630604; transaction id 104161
2026-08-07  9:27:50 0 [Note] InnoDB: Loading buffer pool(s) from C:\xampp\mysql\data\ib_buffer_pool
2026-08-07  9:27:50 0 [Note] Plugin 'FEEDBACK' is disabled.
2026-08-07  9:27:50 0 [Note] Zerofilling moved table:  '.\mysql\plugin'
2026-08-07  9:27:50 0 [Note] InnoDB: Buffer pool(s) load completed at 260807  9:27:50
2026-08-07  9:27:50 0 [Note] Zerofilling moved table:  '.\mysql\servers'
2026-08-07  9:27:50 0 [Note] Server socket created on IP: '::'.
2026-08-07  9:27:53 0 [Note] Starting MariaDB 10.4.32-MariaDB source revision c4143f909528e3fab0677a28631d10389354c491 as process 22100
2026-08-07  9:27:53 0 [Note] InnoDB: Mutexes and rw_locks use Windows interlocked functions
2026-08-07  9:27:53 0 [Note] InnoDB: Uses event mutexes
2026-08-07  9:27:53 0 [Note] InnoDB: Compressed tables use zlib 1.3
2026-08-07  9:27:53 0 [Note] InnoDB: Number of pools: 1
2026-08-07  9:27:53 0 [Note] InnoDB: Using SSE2 crc32 instructions
2026-08-07  9:27:53 0 [Note] InnoDB: Initializing buffer pool, total size = 16M, instances = 1, chunk size = 16M
2026-08-07  9:27:53 0 [Note] InnoDB: Completed initialization of buffer pool
2026-08-07  9:27:53 0 [Note] InnoDB: 128 out of 128 rollback segments are active.
2026-08-07  9:27:53 0 [Note] InnoDB: Creating shared tablespace for temporary tables
2026-08-07  9:27:53 0 [Note] InnoDB: Setting file 'C:\xampp\mysql\data\ibtmp1' size to 12 MB. Physically writing the file full; Please wait ...
2026-08-07  9:27:53 0 [Note] InnoDB: File 'C:\xampp\mysql\data\ibtmp1' size is now 12 MB.
2026-08-07  9:27:53 0 [Note] InnoDB: Waiting for purge to start
2026-08-07  9:27:53 0 [Note] InnoDB: 10.4.32 started; log sequence number 102630613; transaction id 104161
2026-08-07  9:27:53 0 [Note] InnoDB: Loading buffer pool(s) from C:\xampp\mysql\data\ib_buffer_pool
2026-08-07  9:27:53 0 [Note] Plugin 'FEEDBACK' is disabled.
2026-08-07  9:27:53 0 [Note] Server socket created on IP: '::'.
2026-08-07  9:27:57 0 [Note] Starting MariaDB 10.4.32-MariaDB source revision c4143f909528e3fab0677a28631d10389354c491 as process 16316
2026-08-07  9:27:57 0 [Note] InnoDB: Mutexes and rw_locks use Windows interlocked functions
2026-08-07  9:27:57 0 [Note] InnoDB: Uses event mutexes
2026-08-07  9:27:57 0 [Note] InnoDB: Compressed tables use zlib 1.3
2026-08-07  9:27:57 0 [Note] InnoDB: Number of pools: 1
2026-08-07  9:27:57 0 [Note] InnoDB: Using SSE2 crc32 instructions
2026-08-07  9:27:57 0 [Note] InnoDB: Initializing buffer pool, total size = 16M, instances = 1, chunk size = 16M
2026-08-07  9:27:57 0 [Note] InnoDB: Completed initialization of buffer pool
2026-08-07  9:27:57 0 [Note] InnoDB: 128 out of 128 rollback segments are active.
2026-08-07  9:27:57 0 [Note] InnoDB: Creating shared tablespace for temporary tables
2026-08-07  9:27:57 0 [Note] InnoDB: Setting file 'C:\xampp\mysql\data\ibtmp1' size to 12 MB. Physically writing the file full; Please wait ...
2026-08-07  9:27:57 0 [Note] InnoDB: File 'C:\xampp\mysql\data\ibtmp1' size is now 12 MB.
2026-08-07  9:27:57 0 [Note] InnoDB: Waiting for purge to start
2026-08-07  9:27:57 0 [Note] InnoDB: 10.4.32 started; log sequence number 102630622; transaction id 104161
2026-08-07  9:27:57 0 [Note] InnoDB: Loading buffer pool(s) from C:\xampp\mysql\data\ib_buffer_pool
2026-08-07  9:27:57 0 [Note] Plugin 'FEEDBACK' is disabled.
2026-08-07  9:27:57 0 [Note] Server socket created on IP: '::'.
2026-08-07  9:27:58 0 [Note] Starting MariaDB 10.4.32-MariaDB source revision c4143f909528e3fab0677a28631d10389354c491 as process 21436
2026-08-07  9:27:59 0 [Note] InnoDB: Mutexes and rw_locks use Windows interlocked functions
2026-08-07  9:27:59 0 [Note] InnoDB: Uses event mutexes
2026-08-07  9:27:59 0 [Note] InnoDB: Compressed tables use zlib 1.3
2026-08-07  9:27:59 0 [Note] InnoDB: Number of pools: 1
2026-08-07  9:27:59 0 [Note] InnoDB: Using SSE2 crc32 instructions
2026-08-07  9:27:59 0 [Note] InnoDB: Initializing buffer pool, total size = 16M, instances = 1, chunk size = 16M
2026-08-07  9:27:59 0 [Note] InnoDB: Completed initialization of buffer pool
2026-08-07  9:27:59 0 [Note] InnoDB: 128 out of 128 rollback segments are active.
2026-08-07  9:27:59 0 [Note] InnoDB: Removed temporary tablespace data file: "ibtmp1"
2026-08-07  9:27:59 0 [Note] InnoDB: Creating shared tablespace for temporary tables
2026-08-07  9:27:59 0 [Note] InnoDB: Setting file 'C:\xampp\mysql\data\ibtmp1' size to 12 MB. Physically writing the file full; Please wait ...
2026-08-07  9:27:59 0 [Note] InnoDB: File 'C:\xampp\mysql\data\ibtmp1' size is now 12 MB.
2026-08-07  9:27:59 0 [Note] InnoDB: Waiting for purge to start
2026-08-07  9:27:59 0 [Note] InnoDB: 10.4.32 started; log sequence number 102630622; transaction id 104161
2026-08-07  9:27:59 0 [Note] InnoDB: Loading buffer pool(s) from C:\xampp\mysql\data\ib_buffer_pool
2026-08-07  9:27:59 0 [Note] Plugin 'FEEDBACK' is disabled.
2026-08-07  9:27:59 0 [Note] Server socket created on IP: '::'.
2026-08-07  9:28:07 0 [Note] Starting MariaDB 10.4.32-MariaDB source revision c4143f909528e3fab0677a28631d10389354c491 as process 15840
2026-08-07  9:28:07 0 [Note] InnoDB: Mutexes and rw_locks use Windows interlocked functions
2026-08-07  9:28:07 0 [Note] InnoDB: Uses event mutexes
2026-08-07  9:28:07 0 [Note] InnoDB: Compressed tables use zlib 1.3
2026-08-07  9:28:07 0 [Note] InnoDB: Number of pools: 1
2026-08-07  9:28:07 0 [Note] InnoDB: Using SSE2 crc32 instructions
2026-08-07  9:28:07 0 [Note] InnoDB: Initializing buffer pool, total size = 16M, instances = 1, chunk size = 16M
2026-08-07  9:28:07 0 [Note] InnoDB: Completed initialization of buffer pool
2026-08-07  9:28:07 0 [Note] InnoDB: 128 out of 128 rollback segments are active.
2026-08-07  9:28:07 0 [Note] InnoDB: Creating shared tablespace for temporary tables
2026-08-07  9:28:07 0 [Note] InnoDB: Setting file 'C:\xampp\mysql\data\ibtmp1' size to 12 MB. Physically writing the file full; Please wait ...
2026-08-07  9:28:07 0 [Note] InnoDB: File 'C:\xampp\mysql\data\ibtmp1' size is now 12 MB.
2026-08-07  9:28:07 0 [Note] InnoDB: Waiting for purge to start
2026-08-07  9:28:07 0 [Note] InnoDB: 10.4.32 started; log sequence number 102630631; transaction id 104161
2026-08-07  9:28:07 0 [Note] InnoDB: Loading buffer pool(s) from C:\xampp\mysql\data\ib_buffer_pool
2026-08-07  9:28:07 0 [Note] Plugin 'FEEDBACK' is disabled.
2026-08-07  9:28:07 0 [Note] Zerofilling moved table:  '.\mysql\plugin'
2026-08-07  9:28:07 0 [Note] Zerofilling moved table:  '.\mysql\servers'
2026-08-07  9:28:07 0 [Note] InnoDB: Buffer pool(s) load completed at 260807  9:28:07
2026-08-07  9:28:07 0 [Note] Server socket created on IP: '::'.
